setting,n,rep,max_acc,max_f1,auc,aupr
path,100,0,0.9,0.6666666666666666,0.859375,0.7041666666666666
path,100,1,0.8,0.5714285714285714,0.703125,0.27321428571428574
path,100,2,0.8,0.5714285714285714,0.75,0.3104166666666667
path,100,3,0.8,0.5454545454545454,0.6875,0.20357142857142857
path,100,4,0.8,0.6153846153846154,0.8203125,0.3524305555555556
path,200,0,0.85,0.6666666666666666,0.890625,0.7049603174603174
path,200,1,0.85,0.7272727272727273,0.8515625,0.5116071428571429
path,200,2,0.85,0.6666666666666666,0.859375,0.4369047619047619
path,200,3,0.9,0.75,0.7734375,0.38541666666666663
path,200,4,0.85,0.6153846153846154,0.7421875,0.47559523809523807
path,500,0,0.9,0.75,0.921875,0.7931547619047619
path,500,1,0.85,0.6666666666666666,0.859375,0.4482638888888889
path,500,2,0.85,0.6666666666666666,0.7421875,0.5160218253968254
path,500,3,0.9,0.8,0.9375,0.73125
path,500,4,0.85,0.7272727272727273,0.9140625,0.7297619047619048
path,1000,0,0.95,0.8888888888888888,0.96875,0.8708333333333333
path,1000,1,0.9,0.8,0.953125,0.8125
path,1000,2,0.95,0.8888888888888888,0.9921875,0.975
path,1000,3,0.95,0.8888888888888888,0.9921875,0.975
path,1000,4,0.95,0.8571428571428571,0.96875,0.9083333333333333
path,5000,0,1.0,1.0,1.0,1.0
path,5000,1,0.95,0.8888888888888888,0.984375,0.94375
path,5000,2,0.95,0.8888888888888888,0.9765625,0.9125
path,5000,3,1.0,1.0,1.0,1.0
path,5000,4,0.9,0.8,0.9609375,0.8541666666666666
path,10000.0,0,1.0,1.0,1.0,1.0
path,10000.0,1,1.0,1.0,1.0,1.0
path,10000.0,2,1.0,1.0,1.0,1.0
path,10000.0,3,1.0,1.0,1.0,1.0
path,10000.0,4,1.0,1.0,1.0,1.0
path,100000.0,0,1.0,1.0,1.0,1.0
path,100000.0,1,1.0,1.0,1.0,1.0
path,100000.0,2,1.0,1.0,1.0,1.0
path,100000.0,3,1.0,1.0,1.0,1.0
path,100000.0,4,1.0,1.0,1.0,1.0
path,inf,0,1.0,1.0,1.0,1.0
cycle_fixed,100,0,0.7,0.46153846153846156,0.5733333333333334,0.1644047619047619
cycle_fixed,100,1,0.85,0.5714285714285714,0.6133333333333334,0.45222222222222225
cycle_fixed,100,2,0.75,0.5714285714285714,0.6000000000000001,0.20992063492063495
cycle_fixed,100,3,0.7,0.3333333333333333,0.42,0.06523809523809523
cycle_fixed,100,4,0.75,0.5714285714285714,0.7000000000000001,0.381468253968254
cycle_fixed,200,0,0.8,0.6666666666666666,0.7466666666666667,0.47047619047619055
cycle_fixed,200,1,0.75,0.5714285714285714,0.6000000000000001,0.18968253968253967
cycle_fixed,200,2,0.8,0.46153846153846156,0.5866666666666667,0.3194047619047619
cycle_fixed,200,3,0.85,0.6666666666666666,0.76,0.5358333333333334
cycle_fixed,200,4,0.75,0.5,0.62,0.22619047619047616
cycle_fixed,500,0,0.85,0.6666666666666666,0.7733333333333334,0.5902777777777777
cycle_fixed,500,1,0.85,0.6666666666666666,0.78,0.5511904761904762
cycle_fixed,500,2,0.8,0.5454545454545454,0.7266666666666667,0.48000000000000004
cycle_fixed,500,3,0.85,0.6,0.7733333333333334,0.6086111111111111
cycle_fixed,500,4,0.9,0.8,0.8333333333333334,0.6966666666666668
cycle_fixed,1000,0,0.9,0.8,0.8200000000000001,0.605
cycle_fixed,1000,1,0.8,0.5714285714285714,0.7200000000000001,0.46944444444444444
cycle_fixed,1000,2,0.8,0.6666666666666666,0.7866666666666667,0.5438095238095237
cycle_fixed,1000,3,0.85,0.6,0.76,0.6000000000000001
cycle_fixed,1000,4,0.9,0.8,0.8333333333333334,0.6966666666666667
cycle_fixed,5000,0,0.9,0.8,0.8200000000000001,0.6133333333333333
cycle_fixed,5000,1,0.85,0.6666666666666666,0.7866666666666667,0.6071428571428572
cycle_fixed,5000,2,0.9,0.8,0.8333333333333334,0.6966666666666668
cycle_fixed,5000,3,0.85,0.7272727272727273,0.8266666666666667,0.7016666666666667
cycle_fixed,5000,4,0.95,0.8888888888888888,0.8600000000000001,0.8
cycle_fixed,10000.0,0,0.85,0.7272727272727273,0.8133333333333334,0.6
cycle_fixed,10000.0,1,0.9,0.8,0.8200000000000001,0.6133333333333333
cycle_fixed,10000.0,2,0.9,0.8,0.8466666666666667,0.7550000000000001
cycle_fixed,10000.0,3,0.9,0.8,0.8333333333333334,0.6966666666666668
cycle_fixed,10000.0,4,0.85,0.7272727272727273,0.8200000000000001,0.6683333333333333
cycle_fixed,100000.0,0,0.9,0.8,0.8333333333333335,0.6966666666666668
cycle_fixed,100000.0,1,0.9,0.8,0.8333333333333334,0.6966666666666668
cycle_fixed,100000.0,2,0.9,0.8,0.8333333333333334,0.6966666666666667
cycle_fixed,100000.0,3,0.9,0.8,0.8333333333333334,0.6966666666666668
cycle_fixed,100000.0,4,0.9,0.8,0.8333333333333335,0.6966666666666668
cycle_fixed,inf,0,0.9,0.8,0.8333333333333334,0.6966666666666668
cycle_random,100,0,0.8,0.46153846153846156,0.5800000000000001,0.3146428571428571
cycle_random,100,1,0.75,0.5333333333333333,0.6466666666666667,0.24833333333333332
cycle_random,100,2,0.75,0.5,0.62,0.21619047619047616
cycle_random,100,3,0.75,0.5,0.6333333333333333,0.3261904761904762
cycle_random,100,4,0.9,0.75,0.7933333333333334,0.6819444444444445
cycle_random,200,0,0.9,0.8,0.8266666666666667,0.6633333333333333
cycle_random,200,1,0.8,0.5333333333333333,0.6533333333333334,0.3879761904761905
cycle_random,200,2,0.8,0.5714285714285714,0.6600000000000001,0.39027777777777783
cycle_random,200,3,0.75,0.5333333333333333,0.64,0.23833333333333334
cycle_random,200,4,0.8,0.5333333333333333,0.6866666666666668,0.44833333333333336
cycle_random,500,0,0.9,0.75,0.6666666666666667,0.5683333333333334
cycle_random,500,1,0.85,0.5714285714285714,0.7466666666666667,0.5733333333333334
cycle_random,500,2,0.8,0.6153846153846154,0.7400000000000001,0.4857142857142857
cycle_random,500,3,0.85,0.6,0.7666666666666667,0.5919444444444445
cycle_random,500,4,0.85,0.6666666666666666,0.7933333333333334,0.5654761904761905
cycle_random,1000,0,0.9,0.8,0.8333333333333334,0.6966666666666667
cycle_random,1000,1,0.9,0.75,0.8333333333333334,0.7266666666666666
cycle_random,1000,2,0.8,0.5714285714285714,0.7133333333333334,0.4646825396825397
cycle_random,1000,3,0.85,0.7272727272727273,0.7,0.4771428571428571
cycle_random,1000,4,0.8,0.6153846153846154,0.76,0.5495238095238095
cycle_random,5000,0,0.9,0.8,0.8333333333333335,0.6966666666666667
cycle_random,5000,1,0.9,0.8,0.8200000000000001,0.6133333333333333
cycle_random,5000,2,0.85,0.7272727272727273,0.8200000000000001,0.6683333333333333
cycle_random,5000,3,0.9,0.8,0.8333333333333335,0.6966666666666668
cycle_random,5000,4,0.85,0.7272727272727273,0.8133333333333334,0.6533333333333333
cycle_random,10000.0,0,0.9,0.75,0.8333333333333334,0.7266666666666666
cycle_random,10000.0,1,0.9,0.8,0.8200000000000001,0.6133333333333333
cycle_random,10000.0,2,0.9,0.8,0.8333333333333334,0.6966666666666668
cycle_random,10000.0,3,0.9,0.8,0.8266666666666667,0.6633333333333333
cycle_random,10000.0,4,0.9,0.8,0.8200000000000001,0.6133333333333333
cycle_random,100000.0,0,0.9,0.8,0.8266666666666667,0.6633333333333333
cycle_random,100000.0,1,0.9,0.8,0.8333333333333334,0.6966666666666668
cycle_random,100000.0,2,0.9,0.8,0.8333333333333334,0.6966666666666667
cycle_random,100000.0,3,0.9,0.8,0.8200000000000001,0.6133333333333333
cycle_random,100000.0,4,0.9,0.8,0.8333333333333334,0.6966666666666668
cycle_random,inf,0,0.9,0.8,0.8333333333333334,0.6966666666666668
cycle_random,inf,1,0.9,0.8,0.8333333333333334,0.6966666666666668
cycle_random,inf,2,0.9,0.8,0.8333333333333334,0.6966666666666668
cycle_random,inf,3,0.9,0.8,0.8200000000000001,0.6133333333333333
cycle_random,inf,4,0.9,0.8,0.8333333333333334,0.6966666666666668
