p,k,c_choice,rep,max_acc,max_f1,auc,aupr,seconds
10,1,C_ID,0,0.9111111111111111,0.6363636363636364,0.7957422324510932,0.3283409772046136,1.057
10,1,C_ID,1,0.9333333333333333,0.7,0.8751714677640603,0.4376903960237293,0.7
10,1,C_ID,2,0.9333333333333333,0.6666666666666666,0.8209876543209876,0.5083107519511028,2.235
10,1,C_ID,3,0.9777777777777777,0.6666666666666666,0.8386627906976745,0.32736813211013793,5.281
10,1,C_ID,4,0.9333333333333333,0.5714285714285714,0.7767857142857143,0.3302910052910053,1.804
10,2,C_ID,0,0.8111111111111111,0.5957446808510638,0.7578571428571429,0.3715100786153418,1.443
10,2,C_ID,1,0.9222222222222223,0.6956521739130435,0.6773226773226774,0.38194651980730077,1.143
10,2,C_ID,2,0.8777777777777778,0.56,0.7885338345864662,0.34558335582208477,7.197
10,2,C_ID,3,0.8222222222222222,0.5581395348837209,0.693392425463336,0.3121339345206906,0.953
10,2,C_ID,4,0.9333333333333333,0.8125,0.8635555555555556,0.6386071600167728,0.743
10,3,C_ID,0,0.7555555555555555,0.65625,0.7097230073487846,0.3927817265670593,1.056
10,3,C_ID,1,0.7555555555555555,0.5,0.6104209799861973,0.1979267733263831,7.749
10,3,C_ID,2,0.7555555555555555,0.5263157894736842,0.6402116402116402,0.34010117539678225,0.949
10,3,C_ID,3,0.7888888888888889,0.6885245901639344,0.6932750136686714,0.4863977988392236,0.986
10,3,C_ID,4,0.6888888888888889,0.5789473684210527,0.6460020242914979,0.43303490931364386,0.696
10,4,C_ID,0,0.6444444444444445,0.5151515151515151,0.5667532467532468,0.2592212781120699,1.574
10,4,C_ID,1,0.7111111111111111,0.6329113924050633,0.642,0.4425887404575282,1.6
10,4,C_ID,2,0.7333333333333333,0.6031746031746031,0.6539092400218699,0.3569892931511348,1.196
10,4,C_ID,3,0.6666666666666666,0.625,0.6356275303643725,0.4385191927242268,1.247
10,4,C_ID,4,0.6777777777777778,0.5925925925925926,0.6343623481781375,0.3939236641855728,1.417
15,1,C_ID,0,0.9523809523809523,0.5833333333333334,0.6903553299492386,0.272750302751159,4.736
15,1,C_ID,1,0.9619047619047619,0.6923076923076923,0.8867629832096837,0.6853714035372084,4.445
15,1,C_ID,2,0.9523809523809523,0.6060606060606061,0.8461700336700337,0.4720493091297382,2.257
15,1,C_ID,3,0.9428571428571428,0.42857142857142855,0.8163544997715853,0.17893885983384739,14.004
15,1,C_ID,4,0.9428571428571428,0.6486486486486487,0.9504273504273504,0.5491592535251834,1.869
15,2,C_ID,0,0.8904761904761904,0.5818181818181818,0.8665945945945946,0.3896765184184341,1.976
15,2,C_ID,1,0.9095238095238095,0.6153846153846154,0.8096216216216215,0.4290359193715577,1.353
15,2,C_ID,2,0.861904761904762,0.5428571428571428,0.7011641842150316,0.2998990172365574,2.515
15,2,C_ID,3,0.8523809523809524,0.5714285714285714,0.8005617977528091,0.3269250457593899,4.036
15,2,C_ID,4,0.8666666666666667,0.5294117647058824,0.7621137640449438,0.4152413538580245,1.667
15,3,C_ID,0,0.8095238095238095,0.45652173913043476,0.6872058823529412,0.2382832663530678,16.534
15,3,C_ID,1,0.8666666666666667,0.5625,0.7468571428571428,0.3285551007592234,5.68
15,3,C_ID,2,0.8333333333333334,0.6538461538461539,0.7758922558922559,0.44142351169736044,3.456
15,3,C_ID,3,0.8285714285714286,0.5348837209302325,0.7296446243814665,0.38126485365312585,1.719
15,3,C_ID,4,0.8333333333333334,0.6041666666666666,0.7989834284918536,0.39514237281835624,2.978
15,4,C_ID,0,0.719047619047619,0.5324675324675324,0.6239795918367348,0.3252721102914186,4.652
15,4,C_ID,1,0.7952380952380952,0.5510204081632653,0.6947905620360552,0.354710826699797,2.149
15,4,C_ID,2,0.7714285714285715,0.5663716814159292,0.7010575651964908,0.3818930873024481,3.584
15,4,C_ID,3,0.7476190476190476,0.5882352941176471,0.6744076818703684,0.40032858615237327,1.578
15,4,C_ID,4,0.7476190476190476,0.496,0.6148377479646829,0.30418169885342616,2.687
20,1,C_ID,0,0.95,0.5217391304347826,0.797565242746756,0.2428621781222335,47.245
20,1,C_ID,1,0.9368421052631579,0.5862068965517241,0.8282268578878749,0.3237702351780816,9.59
20,1,C_ID,2,0.9763157894736842,0.6086956521739131,0.9493243243243243,0.4249585965349324,2.78
20,1,C_ID,3,0.9605263157894737,0.6153846153846154,0.9187843406593406,0.3561937828303198,10.025
20,1,C_ID,4,0.9710526315789474,0.7027027027027027,0.9317479395604396,0.38878197722803454,4.189
20,2,C_ID,0,0.9026315789473685,0.56,0.8369802240769982,0.37037780370511725,4.78
20,2,C_ID,1,0.9052631578947369,0.5773195876288659,0.8850129198966408,0.37278952009847494,6.537
20,2,C_ID,2,0.9026315789473685,0.6021505376344086,0.8559926470588235,0.4410833700713667,5.086
20,2,C_ID,3,0.9184210526315789,0.6,0.8544492894056848,0.502879865960957,3.887
20,2,C_ID,4,0.9105263157894737,0.5555555555555556,0.8376402584155049,0.3367531415515517,7.263
20,3,C_ID,0,0.8447368421052631,0.5333333333333333,0.6843711843711844,0.3333073026200544,4.33
20,3,C_ID,1,0.8605263157894737,0.4788732394366197,0.7271074755737332,0.3200647904137942,4.837
20,3,C_ID,2,0.8973684210526316,0.6060606060606061,0.8216479193982473,0.42143052760437677,3.412
20,3,C_ID,3,0.8526315789473684,0.48120300751879697,0.7360284391534391,0.2527594300981579,10.65
20,3,C_ID,4,0.8868421052631579,0.5471698113207547,0.8049964858475498,0.4450011600226379,4.119
20,4,C_ID,0,0.8473684210526315,0.5771812080536913,0.7721877649368614,0.4539509395698412,2.807
20,4,C_ID,1,0.8552631578947368,0.5882352941176471,0.7871428571428573,0.4145581232878631,3.811
20,4,C_ID,2,0.8105263157894737,0.5402298850574713,0.717125,0.346425250316224,6.53
20,4,C_ID,3,0.8526315789473684,0.6233766233766234,0.7431100252882432,0.5092334656806383,5.262
20,4,C_ID,4,0.8289473684210527,0.5695364238410596,0.7258266966759002,0.39066964196618303,5.731
25,1,C_ID,0,0.9383333333333334,0.5652173913043478,0.8834958628841607,0.3384510701266395,13.712
25,1,C_ID,1,0.9633333333333334,0.5846153846153846,0.8929997739431843,0.37630013465988993,8.629
25,1,C_ID,2,0.9616666666666667,0.5333333333333333,0.8088469328703703,0.33909850942048764,4.55
25,1,C_ID,3,0.9616666666666667,0.5862068965517241,0.9111973476000302,0.36796841432648714,4.831
25,1,C_ID,4,0.9633333333333334,0.5714285714285714,0.9572120949074074,0.4612410309936119,6.814
25,2,C_ID,0,0.94,0.5714285714285714,0.8480580357142857,0.3879463917604103,5.15
25,2,C_ID,1,0.9266666666666666,0.43243243243243246,0.7831031031031032,0.2681684343943902,15.172
25,2,C_ID,2,0.9283333333333333,0.5467625899280576,0.8734262589928057,0.3828448080298408,10.955
25,2,C_ID,3,0.9216666666666666,0.5692307692307692,0.8377427477493015,0.45756437574018727,3.259
25,2,C_ID,4,0.9283333333333333,0.5904761904761905,0.8438198498748957,0.4275040487917469,10.43
25,3,C_ID,0,0.9033333333333333,0.48,0.7736830385545235,0.2745496072660794,22.779
25,3,C_ID,1,0.8733333333333333,0.4975609756097561,0.775738248292487,0.2572851685091295,26.148
25,3,C_ID,2,0.8816666666666667,0.574585635359116,0.7648176635598588,0.39559885163917324,7.98
25,3,C_ID,3,0.8733333333333333,0.47337278106508873,0.7293078887906475,0.2716733021087689,6.916
25,3,C_ID,4,0.895,0.5202312138728323,0.766181208232381,0.3378208056172359,5.647
25,4,C_ID,0,0.8833333333333333,0.5833333333333334,0.7259044194465366,0.3725834212048059,6.267
25,4,C_ID,1,0.8666666666666667,0.574468085106383,0.797318983224923,0.45920013543429844,7.488
25,4,C_ID,2,0.84,0.47509578544061304,0.7282707312647433,0.33879105920081715,6.588
25,4,C_ID,3,0.855,0.5150214592274678,0.7517887633140906,0.38149004410060744,5.398
25,4,C_ID,4,0.8533333333333334,0.5507246376811594,0.7515245141881454,0.42366696902557605,5.12
30,1,C_ID,0,0.9551724137931035,0.3853211009174312,0.8097442068561203,0.22571757694126707,93.525
30,1,C_ID,1,0.9747126436781609,0.6451612903225806,0.8509925347811333,0.4730235315871041,6.864
30,1,C_ID,2,0.9655172413793104,0.5,0.8039140297589297,0.2837934008484527,5.388
30,1,C_ID,3,0.9632183908045977,0.4935064935064935,0.8777346303202738,0.2825880471860717,20.585
30,1,C_ID,4,0.9873563218390805,0.717948717948718,0.9462822014051522,0.5843205429107791,4.605
30,2,C_ID,0,0.9425287356321839,0.5806451612903226,0.8663022866703849,0.40378366910988867,7.646
30,2,C_ID,1,0.9218390804597701,0.5432098765432098,0.8053939517852828,0.3171829628108847,14.397
30,2,C_ID,2,0.9436781609195403,0.6016260162601627,0.8319626317470457,0.4106095543067118,7.867
30,2,C_ID,3,0.9367816091954023,0.5084745762711864,0.8655478395061729,0.29394776290823016,9.815
30,2,C_ID,4,0.9367816091954023,0.5669291338582677,0.8019493549928334,0.43849386227276116,9.151
30,3,C_ID,0,0.9287356321839081,0.6077348066298343,0.836651774151774,0.4731286916715933,5.014
30,3,C_ID,1,0.8942528735632184,0.5271966527196653,0.8061056448153223,0.3443331774766138,11.378
30,3,C_ID,2,0.9080459770114943,0.5520833333333334,0.8029855837683911,0.3711005133327193,9.287
30,3,C_ID,3,0.9183908045977012,0.5615763546798029,0.7988609966279505,0.38525602354199373,6.55
30,3,C_ID,4,0.9080459770114943,0.5321100917431193,0.8063734399612261,0.3495981896332002,9.511
30,4,C_ID,0,0.8908045977011494,0.4738955823293173,0.7419315641100418,0.37984900818276607,10.583
30,4,C_ID,1,0.8839080459770114,0.5039370078740157,0.7728289122711434,0.4129080102648593,6.099
30,4,C_ID,2,0.8954022988505748,0.5106382978723404,0.7604696169816636,0.4067429203524392,6.409
30,4,C_ID,3,0.9045977011494253,0.5533980582524272,0.7887664190353143,0.43670410897464185,7.244
30,4,C_ID,4,0.8666666666666667,0.5271317829457365,0.7124440909419578,0.3388187034976868,8.884
40,1,C_ID,0,0.975,0.4897959183673469,0.8955056558606854,0.2924209294045238,23.469
40,1,C_ID,1,0.9814102564102564,0.5365853658536586,0.918714596949891,0.41335176179065447,17.845
40,1,C_ID,2,0.9756410256410256,0.5777777777777777,0.8726777886607042,0.39163264349605276,12.076
40,1,C_ID,3,0.9743589743589743,0.5849056603773585,0.872506381771769,0.5005669299082612,12.33
40,1,C_ID,4,0.9743589743589743,0.5294117647058824,0.9593127848404894,0.4286922125819994,15.324
40,2,C_ID,0,0.9576923076923077,0.6333333333333333,0.8797743055555556,0.39275141300590677,16.35
40,2,C_ID,1,0.9455128205128205,0.5531914893617021,0.8687451606658925,0.3261633340053025,16.452
40,2,C_ID,2,0.9512820512820512,0.5056179775280899,0.8184471662150958,0.36079847379482055,14.108
40,2,C_ID,3,0.9532051282051283,0.5517241379310345,0.8358774216970857,0.3937577686325349,11.908
40,2,C_ID,4,0.9442307692307692,0.49572649572649574,0.8123994193935188,0.23648705442550327,18.648
40,3,C_ID,0,0.9282051282051282,0.525096525096525,0.8304678802467278,0.38537807045107886,13.686
40,3,C_ID,1,0.925,0.5440613026819924,0.7852453488310825,0.39943711363287254,15.177
40,3,C_ID,2,0.9288461538461539,0.5163934426229508,0.8165477663730558,0.36202426393270953,17.797
40,3,C_ID,3,0.926923076923077,0.5367647058823529,0.8055277877617038,0.39777372364237396,14.532
40,3,C_ID,4,0.925,0.5182186234817814,0.8094460546189329,0.33252596963773495,13.263
40,4,C_ID,0,0.9083333333333333,0.4419889502762431,0.7739684451046482,0.25915008400390094,55.539
40,4,C_ID,1,0.9108974358974359,0.5493333333333333,0.8270339600777512,0.4054059989496067,14.428
40,4,C_ID,2,0.9301282051282052,0.5176470588235295,0.7818230866617877,0.36808791700848414,17.622
40,4,C_ID,3,0.9025641025641026,0.49343832020997375,0.7603540784185945,0.3624041234885095,13.526
40,4,C_ID,4,0.9064102564102564,0.46735395189003437,0.770613116910472,0.37616226856945295,13.945
50,1,C_ID,0,0.9848979591836735,0.5294117647058824,0.9497299542999584,0.44154025309386635,26.205
50,1,C_ID,1,0.9783673469387755,0.5669291338582677,0.9352856612873306,0.41992606018624523,19.863
50,1,C_ID,2,0.9742857142857143,0.48148148148148145,0.882082842912336,0.2380463433910885,38.464
50,1,C_ID,3,0.9844897959183674,0.4155844155844156,0.8775803209648088,0.25265674777565406,38.294
50,1,C_ID,4,0.9755102040816327,0.4861111111111111,0.8939100723759295,0.2980656557178121,29.261
50,2,C_ID,0,0.9563265306122449,0.48580441640378547,0.8764903211395247,0.33453800992096594,29.139
50,2,C_ID,1,0.9591836734693877,0.5338983050847458,0.8900914893617021,0.35804290470562045,23.989
50,2,C_ID,2,0.9612244897959183,0.5234375,0.8575810426211301,0.383717716257085,37.22
50,2,C_ID,3,0.9624489795918367,0.5163934426229508,0.8743959236070644,0.3657120483661359,24.669
50,2,C_ID,4,0.9673469387755103,0.5752212389380531,0.8740552428490512,0.45272159194226547,24.7
50,3,C_ID,0,0.950204081632653,0.5379310344827586,0.8121993966920795,0.4083915195652941,16.763
50,3,C_ID,1,0.9497959183673469,0.5394736842105263,0.815243953690358,0.4107154698652024,18.492
50,3,C_ID,2,0.9542857142857143,0.5514705882352942,0.8560826758045881,0.40752151264904635,23.531
50,3,C_ID,3,0.9375510204081633,0.49283667621776506,0.8260787412395219,0.314339997934176,33.849
50,3,C_ID,4,0.9391836734693878,0.481994459833795,0.8109710144927536,0.3217732677801693,29.955
50,4,C_ID,0,0.9257142857142857,0.48128342245989303,0.7879460990552112,0.36454910034154325,19.977
50,4,C_ID,1,0.9248979591836735,0.5077262693156733,0.7736767115323632,0.3736962150148683,23.245
50,4,C_ID,2,0.9285714285714286,0.5074626865671642,0.8050642395378735,0.3976445450938535,19.879
50,4,C_ID,3,0.9318367346938775,0.5116279069767442,0.7991933655509815,0.40486250078636293,19.96
50,4,C_ID,4,0.9461224489795919,0.5229681978798587,0.8186882828550599,0.4565077428005062,16.081
