p,k,c_choice,rep,n,direction,max_f1,auc,aupr,not_converged,seconds
10,1,C_ID,1,1000,down,0.6363636363636364,0.8607681755829903,0.43521185604518936,0,14.563303333008662
10,1,C_ID,0,1000,up,0.6666666666666666,0.8245109321058688,0.5660239016698346,0,21.454431833000854
10,1,C_ID,0,1000,down,0.6666666666666666,0.8210586881472959,0.535964643612865,0,22.947646582964808
10,1,C_ID,1,1000,up,0.6666666666666666,0.8710562414266116,0.4268518518518518,0,15.83562304195948
10,1,C_ID,3,1000,down,0.3333333333333333,0.7151162790697674,0.20020674704732233,0,23.43957345886156
10,1,C_ID,2,1000,up,0.7,0.8257887517146776,0.5541128624461957,0,35.73490604199469
10,1,C_ID,2,1000,down,0.7,0.823045267489712,0.5170758254091588,0,39.42193633294664
10,1,C_ID,4,1000,up,0.7272727272727273,0.7976190476190477,0.6612031164356745,0,50.445699041942134
10,1,C_ID,4,1000,down,0.6,0.751984126984127,0.39073210194292096,0,59.13954195822589
10,1,C_ID,3,1000,up,0.6666666666666666,0.8444767441860466,0.6309656350776005,0,78.72935399995185
10,1,C_ID,5,1000,down,0.782608695652174,0.9513031550068587,0.5434204684204684,0,24.37096737488173
10,1,C_ID,5,1000,up,0.782608695652174,0.977366255144033,0.7473554223554224,0,27.957518707960844
10,1,C_ID,6,1000,down,0.5,0.8399311531841651,0.3987018829124092,0,37.26314824982546
10,1,C_ID,7,1000,down,0.6,0.7728658536585367,0.3656565656565656,0,25.202352166874334
10,1,C_ID,6,1000,up,0.5,0.8390705679862306,0.32727331148383776,0,40.603113583056256
10,1,C_ID,8,1000,down,0.8181818181818182,0.8904914529914529,0.6527593729799612,0,13.222038417123258
10,1,C_ID,7,1000,up,0.6,0.7926829268292683,0.4347537878787879,0,20.542516291840002
10,1,C_ID,8,1000,up,0.8181818181818182,0.8926282051282051,0.6657324003551626,0,15.496875165961683
10,1,C_ID,9,1000,down,0.7619047619047619,0.80125,0.5860596766739008,0,18.484989291988313
10,1,C_ID,9,1000,up,0.7619047619047619,0.806875,0.7113771369913611,0,14.010754040908068
10,2,C_ID,0,1000,down,0.625,0.78,0.5777061547255563,0,29.657057417090982
10,2,C_ID,1,1000,down,0.7272727272727273,0.6818181818181819,0.5281748966845121,0,27.156936457846314
10,2,C_ID,0,1000,up,0.625,0.7810714285714286,0.585637189208315,0,29.522725416114554
10,2,C_ID,1,1000,up,0.7272727272727273,0.6833166833166833,0.557021050530666,0,18.24130154098384
10,2,C_ID,3,1000,down,0.55,0.7014504431909749,0.4046714180022981,0,11.255224416963756
10,2,C_ID,3,1000,up,0.6,0.709105560032232,0.435306392559731,0,13.801683207973838
10,2,C_ID,4,1000,down,0.7741935483870968,0.8573333333333335,0.6750160540106193,0,9.728301874827594
10,2,C_ID,4,1000,up,0.7741935483870968,0.8564444444444446,0.6377938317883971,0,15.991052249912173
10,2,C_ID,2,1000,down,0.72,0.8106203007518797,0.5588503314236937,0,60.690094500081614
10,2,C_ID,2,1000,up,0.6666666666666666,0.8129699248120301,0.5560323161056784,0,79.54219475015998
10,2,C_ID,5,1000,down,0.5,0.6545608108108109,0.3939550299760749,0,21.383194166934118
10,2,C_ID,5,1000,up,0.4666666666666667,0.6486486486486487,0.35276392940997436,0,21.2641998748295
10,2,C_ID,7,1000,down,0.5777777777777777,0.745,0.5250814728721382,0,39.283959541935474
10,2,C_ID,6,1000,down,0.6666666666666666,0.7827172827172826,0.4664109493348598,0,58.208214042009786
10,2,C_ID,6,1000,up,0.7142857142857143,0.8071928071928072,0.5957770226518737,0,60.30883662519045
10,2,C_ID,7,1000,up,0.5777777777777777,0.7353571428571428,0.4358105820580265,0,49.80453870794736
10,2,C_ID,8,1000,up,0.6808510638297872,0.7603076923076924,0.5978661524288197,0,35.0859558749944
10,2,C_ID,8,1000,down,0.6808510638297872,0.7624615384615385,0.6302829101888343,0,37.76381058385596
10,2,C_ID,9,1000,down,0.6451612903225806,0.7567567567567568,0.4821633655193438,0,16.72165537509136
10,2,C_ID,9,1000,up,0.6,0.7605574324324325,0.5210966255463538,0,24.56434408389032
10,3,C_ID,0,1000,down,0.6349206349206349,0.7425098925946862,0.6474105436770028,0,26.26144858309999
10,3,C_ID,0,1000,up,0.6349206349206349,0.742792538157151,0.6342232998863105,0,20.688087624963373
10,3,C_ID,2,1000,down,0.5925925925925926,0.6534391534391535,0.5074078855852152,0,24.455403540981933
10,3,C_ID,2,1000,up,0.5925925925925926,0.652557319223986,0.4518523300296597,0,27.74724483396858
10,3,C_ID,3,1000,down,0.6153846153846154,0.6976489885183159,0.6281644601040117,0,20.122421375010163
10,3,C_ID,3,1000,up,0.6153846153846154,0.7039365773646802,0.6857681467399563,0,18.640768625074998
10,3,C_ID,4,1000,down,0.5789473684210527,0.6621963562753035,0.6819893350871957,0,13.786889458075166
10,3,C_ID,1,1000,down,0.4888888888888889,0.6435472739820566,0.36167162841070455,0,121.6215712078847
10,3,C_ID,4,1000,up,0.5789473684210527,0.6609311740890688,0.6895923532104191,0,13.702191167045385
10,3,C_ID,1,1000,up,0.4888888888888889,0.6487232574189096,0.3717756447647209,0,127.9487065419089
10,3,C_ID,6,1000,down,0.6071428571428571,0.6691666666666667,0.6067935688744264,0,12.07743424992077
10,3,C_ID,6,1000,up,0.6071428571428571,0.6672222222222223,0.5791480662289237,0,15.04134325007908
10,3,C_ID,5,1000,down,0.5882352941176471,0.6996923076923077,0.5186776671798738,0,36.07818774995394
10,3,C_ID,5,1000,up,0.5882352941176471,0.7000000000000001,0.5192970852014657,0,53.48003916698508
10,3,C_ID,8,1000,down,0.5789473684210527,0.6447112264763142,0.5719385431119458,0,16.591461499920115
10,3,C_ID,7,1000,down,0.6666666666666666,0.7340745192307693,0.541237389595795,0,48.92340954183601
10,3,C_ID,7,1000,up,0.6666666666666666,0.74609375,0.6589758690786921,0,56.56474650022574
10,3,C_ID,8,1000,up,0.5789473684210527,0.6430889033095393,0.5514028884509119,0,22.897952874889597
10,3,C_ID,9,1000,down,0.7142857142857143,0.7832988267770875,0.6024927665763544,0,17.633359791943803
10,3,C_ID,9,1000,up,0.7142857142857143,0.7857142857142856,0.5367989890653501,0,26.95031287521124
10,4,C_ID,0,1000,down,0.5245901639344263,0.588051948051948,0.49626733417193086,0,23.52420391701162
10,4,C_ID,0,1000,up,0.5245901639344263,0.603116883116883,0.5595216467411869,0,33.516591334016994
10,4,C_ID,1,1000,down,0.6329113924050633,0.643,0.6326451810718785,0,27.441834583878517
10,4,C_ID,1,1000,up,0.6329113924050633,0.64575,0.661667852640506,0,29.72288391692564
10,4,C_ID,2,1000,down,0.6470588235294118,0.6768726079825041,0.5865903470959177,0,25.35494566592388
10,4,C_ID,3,1000,down,0.6075949367088608,0.6169028340080972,0.5159434935753793,0,13.861157374922186
10,4,C_ID,2,1000,up,0.6470588235294118,0.6779661016949152,0.5910898805852645,0,23.991008084034547
10,4,C_ID,3,1000,up,0.6075949367088608,0.6090587044534412,0.4979088848149641,0,19.480883124982938
10,4,C_ID,4,1000,down,0.6060606060606061,0.6467611336032388,0.6050996721727802,0,18.478785500163212
10,4,C_ID,4,1000,up,0.6060606060606061,0.6460020242914979,0.5869076696967764,0,25.538625166984275
10,4,C_ID,5,1000,down,0.6666666666666666,0.7060173380928099,0.7031808646695261,0,29.199729291023687
10,4,C_ID,5,1000,up,0.6666666666666666,0.7060173380928099,0.6896673511560125,0,34.19859425001778
10,4,C_ID,6,1000,down,0.6027397260273972,0.6186525892408246,0.6155898223055085,0,57.80484816688113
10,4,C_ID,6,1000,up,0.6027397260273972,0.6171442936148819,0.6068906309976216,0,50.42452741693705
10,4,C_ID,7,1000,down,0.696969696969697,0.6592238171185538,0.5390493502209468,0,47.576944458065554
10,4,C_ID,8,1000,down,0.5846153846153846,0.6361399671951886,0.5503639345101684,0,25.950287125073373
10,4,C_ID,7,1000,up,0.696969696969697,0.6884635832004252,0.6111982120323411,0,41.7644933341071
10,4,C_ID,9,1000,down,0.684931506849315,0.7233554309026007,0.686256793668594,0,20.755525917047635
10,4,C_ID,8,1000,up,0.5846153846153846,0.644614543466375,0.5911145593333738,0,45.788345417007804
10,4,C_ID,9,1000,up,0.684931506849315,0.7231004589495155,0.6839723663841668,0,49.55153845902532
10,1,C_ID,0,10000,down,0.7777777777777778,0.8521288837744534,0.7008207070707071,0,4.923238042043522
10,1,C_ID,0,10000,up,0.7777777777777778,0.8561565017261221,0.7568813131313132,0,7.419678708072752
10,1,C_ID,1,10000,down,0.7,0.8669410150891632,0.42647698561486863,0,12.922736707841977
10,1,C_ID,1,10000,up,0.7368421052631579,0.8916323731138546,0.6178871186916683,0,18.419610041193664
10,1,C_ID,3,10000,down,0.8,0.8197674418604651,0.675,0,35.47513312497176
10,1,C_ID,2,10000,down,0.6086956521739131,0.7880658436213992,0.4307155929537883,0,63.43671149993315
10,1,C_ID,3,10000,up,0.75,0.8008720930232558,0.3388888888888889,0,55.42531937500462
10,1,C_ID,2,10000,up,0.6086956521739131,0.7832647462277091,0.37553577545513034,0,82.09268512506969
10,1,C_ID,5,10000,down,0.8571428571428571,0.9574759945130316,0.582940207940208,0,44.871489458018914
10,1,C_ID,4,10000,down,0.7272727272727273,0.6517857142857142,0.47143844716213135,0,75.20709004206583
10,1,C_ID,5,10000,up,0.9411764705882353,0.9965706447187929,0.9750000000000001,0,42.92289975006133
10,1,C_ID,6,10000,down,0.5882352941176471,0.8055077452667814,0.41684704184704185,0,13.744064500089735
10,1,C_ID,6,10000,up,0.5882352941176471,0.8055077452667814,0.41684704184704185,0,13.278115374967456
10,1,C_ID,8,10000,down,0.8333333333333334,0.857905982905983,0.6260447885447886,0,8.138383832992986
10,1,C_ID,7,10000,down,0.631578947368421,0.8224085365853658,0.37789553282974336,0,16.299493334023282
10,1,C_ID,4,10000,up,0.36363636363636365,0.5436507936507936,0.2091089466089466,0,84.0678912079893
10,1,C_ID,8,10000,up,0.8333333333333334,0.8616452991452992,0.6406281218781219,0,11.686849292134866
10,1,C_ID,7,10000,up,0.6666666666666666,0.8483231707317074,0.6682229137821243,0,25.05228704214096
10,1,C_ID,9,10000,down,0.75,0.9025000000000001,0.6329292929292929,0,13.955266083125025
10,1,C_ID,9,10000,up,0.75,0.906875,0.707929292929293,0,18.656139082973823
10,2,C_ID,1,10000,down,0.7272727272727273,0.8351648351648353,0.6138873459508142,0,26.992024209117517
10,2,C_ID,1,10000,up,0.7272727272727273,0.8371628371628372,0.6811950382585064,0,28.789638958871365
10,2,C_ID,0,10000,down,0.6122448979591837,0.7539285714285714,0.5598898283666867,0,71.58571708388627
10,2,C_ID,0,10000,up,0.6122448979591837,0.7539285714285714,0.5598898283666867,0,83.78643666696735
10,2,C_ID,3,10000,down,0.6086956521739131,0.8239323126510878,0.44703988041566406,0,17.898396542062983
10,2,C_ID,3,10000,up,0.6086956521739131,0.8311845286059629,0.5011351007770753,0,20.33812900003977
10,2,C_ID,4,10000,down,0.7878787878787878,0.8791111111111112,0.6590836940836942,0,22.904937375104055
10,2,C_ID,5,10000,down,0.7096774193548387,0.78125,0.5087760865564175,0,13.287793916184455
10,2,C_ID,4,10000,up,0.7878787878787878,0.8791111111111112,0.6257503607503608,0,21.900808167178184
10,2,C_ID,2,10000,down,0.72,0.806390977443609,0.5795929473187877,0,96.79359779204242
10,2,C_ID,5,10000,up,0.6875,0.7795608108108107,0.46814345529878615,0,16.13430270785466
10,2,C_ID,2,10000,up,0.6857142857142857,0.8054511278195489,0.5684898638942756,0,111.92348762508482
10,2,C_ID,6,10000,down,0.7142857142857143,0.8991008991008991,0.5254154970218319,0,47.9451790000312
10,2,C_ID,6,10000,up,0.7407407407407407,0.922077922077922,0.5651107188437506,0,57.70260158297606
10,2,C_ID,8,10000,down,0.8,0.7963076923076924,0.6340723729000743,0,21.505426249932498
10,2,C_ID,9,10000,down,0.7096774193548387,0.8053209459459459,0.5608721573565324,0,13.171772958012298
10,2,C_ID,8,10000,up,0.8,0.7996923076923077,0.6577525141382651,0,22.89098983304575
10,2,C_ID,7,10000,down,0.5555555555555556,0.7392857142857143,0.517160537068753,0,70.85595845803618
10,2,C_ID,9,10000,up,0.7096774193548387,0.8065878378378378,0.5452471573565324,0,17.663817042019218
10,3,C_ID,0,10000,down,0.6865671641791045,0.7840587902769927,0.6906081038044766,0,19.536759542068467
10,2,C_ID,7,10000,up,0.5555555555555556,0.7389285714285714,0.5204244259576418,0,75.22007966600358
10,3,C_ID,0,10000,up,0.6865671641791045,0.7832108535895986,0.6865030134924897,0,21.407241583103314
10,3,C_ID,2,10000,down,0.4897959183673469,0.6146384479717814,0.5217414270343491,0,34.812787416856736
10,3,C_ID,2,10000,up,0.4897959183673469,0.6137566137566138,0.4939636492565713,0,31.63759862491861
10,3,C_ID,3,10000,up,0.711864406779661,0.7952433023510116,0.764299199738875,0,25.993577458895743
10,3,C_ID,4,10000,down,0.6461538461538462,0.687753036437247,0.67162991430128,0,9.658655375009403
10,3,C_ID,4,10000,up,0.6461538461538462,0.6821862348178138,0.6567213214321609,0,12.257940958021209
10,3,C_ID,1,10000,down,0.4838709677419355,0.650103519668737,0.37668144847307294,0,117.3198123339098
10,3,C_ID,3,10000,down,0.711864406779661,0.7916894477856753,0.7318537777773239,2,83.54163933289237
10,3,C_ID,5,10000,down,0.6785714285714286,0.8286153846153845,0.6345591351873239,0,40.08035062509589
10,3,C_ID,6,10000,down,0.5454545454545454,0.6511111111111112,0.5730218187928072,0,16.114832583116367
10,3,C_ID,6,10000,up,0.5454545454545454,0.6411111111111112,0.5135025055778418,0,21.777841708855703
10,3,C_ID,5,10000,up,0.6785714285714286,0.828,0.614559135187324,0,32.956295375013724
10,3,C_ID,1,10000,up,0.4838709677419355,0.650103519668737,0.37668144847307294,0,152.47718225000426
10,3,C_ID,7,10000,down,0.6938775510204082,0.7572115384615384,0.5648370265196088,0,21.709815999958664
10,3,C_ID,8,10000,down,0.7083333333333334,0.7842310188189487,0.6709714314031706,0,10.383828375022858
10,3,C_ID,8,10000,up,0.7083333333333334,0.7829331602855288,0.6497326460339505,0,12.692177165998146
10,3,C_ID,7,10000,up,0.6938775510204082,0.7746394230769231,0.7041747438550637,0,25.58830091706477
10,3,C_ID,9,10000,up,0.7272727272727273,0.8398895790200138,0.6163266714215895,0,50.541898667113855
10,3,C_ID,9,10000,down,0.7272727272727273,0.8247066942719117,0.6050073412112817,0,57.78933362499811
10,4,C_ID,0,10000,down,0.5263157894736842,0.5849350649350649,0.458690719956859,0,59.65822624997236
10,4,C_ID,1,10000,down,0.5714285714285714,0.64225,0.6365963180564497,0,18.587973874993622
10,4,C_ID,2,10000,down,0.6153846153846154,0.653635866593767,0.5955525142646214,0,8.478951708879322
10,4,C_ID,0,10000,up,0.5263157894736842,0.5896103896103896,0.46598017124631025,0,62.33161445800215
10,4,C_ID,1,10000,up,0.5714285714285714,0.6445000000000001,0.6642992733613785,0,21.45402166596614
10,4,C_ID,2,10000,up,0.6153846153846154,0.6530891197375615,0.5896175889748574,0,10.872952334117144
10,4,C_ID,3,10000,down,0.5675675675675675,0.5885627530364372,0.5025255358364661,0,11.694748166948557
10,4,C_ID,3,10000,up,0.5675675675675675,0.5898279352226721,0.5049843343478962,0,15.618473957991228
10,4,C_ID,4,10000,up,0.6052631578947368,0.6470141700404859,0.5742376474290692,0,13.93259979202412
10,4,C_ID,4,10000,down,0.6052631578947368,0.6417004048582996,0.5791876894524237,0,19.251059415983036
10,4,C_ID,5,10000,down,0.6493506493506493,0.7177460479347273,0.6952850207000282,0,24.10376016702503
10,4,C_ID,5,10000,up,0.6493506493506493,0.7200407955124937,0.7225586275303258,0,28.191696625202894
10,4,C_ID,6,10000,down,0.6,0.6435394670688788,0.6378646858495691,0,26.62005320796743
10,4,C_ID,6,10000,up,0.6,0.6425339366515836,0.6290734770583604,0,32.02006074995734
10,4,C_ID,7,10000,down,0.696969696969697,0.7171717171717172,0.5970577820107638,0,22.842946249991655
10,4,C_ID,7,10000,up,0.696969696969697,0.7450824029771399,0.6797628084657901,0,25.32627712516114
10,4,C_ID,8,10000,down,0.6461538461538462,0.7135046473482777,0.5824735314835195,0,30.831396916881204
10,4,C_ID,9,10000,down,0.7536231884057971,0.7768995410504845,0.7034194527339047,0,18.71817516698502
10,4,C_ID,9,10000,up,0.7536231884057971,0.7725650178480368,0.6858915701324926,0,17.368162957951427
10,4,C_ID,8,10000,up,0.6461538461538462,0.7241662110442864,0.649361155535435,0,37.969285958912224
