true_C,n,density,graphs,truth_start_lower_bic,equal_bic,data_driven_lower_bic,f1_truth_start,f1_best_bic_data_driven,median_bic_gap
C_ID,1000,"k = 1, 2",20,2,7,11,0.7589999341670769,0.6624754114253487,-0.3184898010640609
C_ID,1000,"k = 3, 4",20,0,1,19,0.7051402367209791,0.5171625749960127,-10.202414001173906
C_ID,10000,"k = 1, 2",20,5,11,4,0.8931836754786542,0.8230752248186416,0.0
C_ID,10000,"k = 3, 4",20,8,2,10,0.8370732322313952,0.6577890824732415,-0.30069102995912544
C_ID,inf,"k = 1, 2",20,1,19,0,0.9835462984747487,0.9202887227171729,0.0
C_ID,inf,"k = 3, 4",20,16,3,1,0.9764851692518886,0.6771613242683853,32.907483062352185
random C,1000,"k = 1, 2",60,7,17,36,0.7004738725952452,0.5586893122471325,-1.1015255980428265
random C,1000,"k = 3, 4",60,2,3,55,0.6909070845677348,0.48888020900207974,-9.793593684388838
random C,10000,"k = 1, 2",60,15,17,28,0.7672165626775443,0.6311227158438197,0.0
random C,10000,"k = 3, 4",60,10,0,50,0.7985117848707367,0.5130291805050495,-13.769760490629778
random C,inf,"k = 1, 2",60,10,28,22,0.7025987864601024,0.6120750162043744,-1.7515383502468467
random C,inf,"k = 3, 4",60,17,4,39,0.8553228232982778,0.5238943761374163,-16.463079874723917
