p,k,c_choice,rep,n,method,max_f1,aupr,high_to_low_share
10,1,C_ID,0,1000,lasso,0.5833333333333334,0.3928080572131374,1.0
10,1,C_ID,0,1000,variance_rule,0.7058823529411765,0.6892107892107893,1.0
10,1,C_ID,0,1000,truth_rule,0.7058823529411765,0.6892107892107893,1.0
10,1,C_ID,0,1000,coin,0.5882352941176471,0.5311910311910312,1.0
10,1,C_ID,1,1000,lasso,0.6666666666666666,0.47097711065102377,0.4444444444444444
10,1,C_ID,1,1000,variance_rule,0.5714285714285714,0.4448448448448448,0.4444444444444444
10,1,C_ID,1,1000,truth_rule,0.875,0.8932673564252511,0.4444444444444444
10,1,C_ID,1,1000,coin,0.5,0.2473885973885974,0.4444444444444444
10,1,C_ID,2,1000,lasso,0.7,0.6572260301426969,1.0
10,1,C_ID,2,1000,variance_rule,0.8235294117647058,0.8277777777777778,1.0
10,1,C_ID,2,1000,truth_rule,0.8235294117647058,0.8277777777777778,1.0
10,1,C_ID,2,1000,coin,0.5714285714285714,0.4052910052910052,1.0
10,1,C_ID,3,1000,lasso,0.2857142857142857,0.09553610780860528,0.5
10,1,C_ID,3,1000,variance_rule,0.125,0.046530430579136015,0.5
10,1,C_ID,3,1000,truth_rule,0.375,0.1796157135874878,0.5
10,1,C_ID,3,1000,coin,0.2857142857142857,0.06820175438596492,0.5
10,1,C_ID,4,1000,lasso,0.9090909090909091,0.7686748436748436,0.75
10,1,C_ID,4,1000,variance_rule,0.8,0.6953216374269006,0.75
10,1,C_ID,4,1000,truth_rule,0.8,0.7482123870281765,0.75
10,1,C_ID,4,1000,coin,0.8,0.6953216374269006,0.75
10,1,C_ID,5,1000,lasso,0.75,0.48213383838383833,0.6666666666666666
10,1,C_ID,5,1000,variance_rule,0.6,0.35566778900112234,0.6666666666666666
10,1,C_ID,5,1000,truth_rule,0.8181818181818182,0.6859362859362859,0.6666666666666666
10,1,C_ID,5,1000,coin,0.36363636363636365,0.22795260295260295,0.6666666666666666
10,1,C_ID,6,1000,lasso,0.5555555555555556,0.5375051535765821,0.6
10,1,C_ID,6,1000,variance_rule,0.5,0.26341793127507407,0.6
10,1,C_ID,6,1000,truth_rule,0.75,0.733551369265655,0.6
10,1,C_ID,6,1000,coin,0.26666666666666666,0.21701116343973487,0.6
10,1,C_ID,7,1000,lasso,0.7777777777777778,0.46567269536019534,0.5
10,1,C_ID,7,1000,variance_rule,0.5714285714285714,0.38223824786324784,0.5
10,1,C_ID,7,1000,truth_rule,0.875,0.6844818376068376,0.5
10,1,C_ID,7,1000,coin,0.375,0.2627537393162393,0.5
10,1,C_ID,8,1000,lasso,0.72,0.4844427805405617,0.7
10,1,C_ID,8,1000,variance_rule,0.6086956521739131,0.3655088671393019,0.7
10,1,C_ID,8,1000,truth_rule,0.782608695652174,0.650117485171833,0.7
10,1,C_ID,8,1000,coin,0.46153846153846156,0.24157879157879156,0.7
10,1,C_ID,9,1000,lasso,0.6666666666666666,0.3198107539524415,0.8
10,1,C_ID,9,1000,variance_rule,0.6666666666666666,0.4586698203230461,0.8
10,1,C_ID,9,1000,truth_rule,0.8571428571428571,0.6729111390401714,0.8
10,1,C_ID,9,1000,coin,0.5714285714285714,0.3677693990597216,0.8
10,2,C_ID,0,1000,lasso,0.6,0.34949636079896657,0.6666666666666666
10,2,C_ID,0,1000,variance_rule,0.5714285714285714,0.3558531821031821,0.6666666666666666
10,2,C_ID,0,1000,truth_rule,0.8095238095238095,0.5460967496918261,0.6666666666666666
10,2,C_ID,0,1000,coin,0.5,0.3106650188780919,0.6666666666666666
10,2,C_ID,1,1000,lasso,0.6923076923076923,0.4655412550238699,0.7272727272727273
10,2,C_ID,1,1000,variance_rule,0.6666666666666666,0.4565032920296078,0.7272727272727273
10,2,C_ID,1,1000,truth_rule,0.75,0.5215429855232487,0.7272727272727273
10,2,C_ID,1,1000,coin,0.5,0.3166897078966917,0.7272727272727273
10,2,C_ID,2,1000,lasso,0.5454545454545454,0.37399341905593,0.7
10,2,C_ID,2,1000,variance_rule,0.48,0.33426443399456895,0.7
10,2,C_ID,2,1000,truth_rule,0.6666666666666666,0.6348304537691987,0.7
10,2,C_ID,2,1000,coin,0.48,0.322667553863206,0.7
10,2,C_ID,3,1000,lasso,0.6046511627906976,0.4251776016960695,0.6
10,2,C_ID,3,1000,variance_rule,0.56,0.5651313276506775,0.6
10,2,C_ID,3,1000,truth_rule,0.7222222222222222,0.7542370297401257,0.6
10,2,C_ID,3,1000,coin,0.4444444444444444,0.45011140819964346,0.6
10,2,C_ID,4,1000,lasso,0.7878787878787878,0.7707656679339305,0.5555555555555556
10,2,C_ID,4,1000,variance_rule,0.64,0.5213234663234664,0.5555555555555556
10,2,C_ID,4,1000,truth_rule,0.8,0.7583467103467103,0.5555555555555556
10,2,C_ID,4,1000,coin,0.5,0.46579150579150574,0.5555555555555556
10,2,C_ID,5,1000,lasso,0.5,0.4556638437608907,0.625
10,2,C_ID,5,1000,variance_rule,0.5384615384615384,0.5352571465578101,0.625
10,2,C_ID,5,1000,truth_rule,0.5384615384615384,0.5780911183888229,0.625
10,2,C_ID,5,1000,coin,0.3225806451612903,0.2951451142246515,0.625
10,2,C_ID,6,1000,lasso,0.5,0.45548694511542814,0.5384615384615384
10,2,C_ID,6,1000,variance_rule,0.3870967741935484,0.2727824495170887,0.5384615384615384
10,2,C_ID,6,1000,truth_rule,0.7096774193548387,0.5756016975271561,0.5384615384615384
10,2,C_ID,6,1000,coin,0.45161290322580644,0.24693014174706243,0.5384615384615384
10,2,C_ID,7,1000,lasso,0.5818181818181818,0.39402606433204157,0.5555555555555556
10,2,C_ID,7,1000,variance_rule,0.45454545454545453,0.3640580938099531,0.5555555555555556
10,2,C_ID,7,1000,truth_rule,0.7391304347826086,0.5669601745970245,0.5555555555555556
10,2,C_ID,7,1000,coin,0.30434782608695654,0.2036993835048755,0.5555555555555556
10,2,C_ID,8,1000,lasso,0.7169811320754716,0.6636042417399475,0.631578947368421
10,2,C_ID,8,1000,variance_rule,0.6046511627906976,0.6061195523714706,0.631578947368421
10,2,C_ID,8,1000,truth_rule,0.7906976744186046,0.8104385434258837,0.631578947368421
10,2,C_ID,8,1000,coin,0.5238095238095238,0.41084154759704633,0.631578947368421
10,2,C_ID,9,1000,lasso,0.6206896551724138,0.5695344995848092,0.7142857142857143
10,2,C_ID,9,1000,variance_rule,0.5454545454545454,0.5508300310090591,0.7142857142857143
10,2,C_ID,9,1000,truth_rule,0.6666666666666666,0.7023147071296848,0.7142857142857143
10,2,C_ID,9,1000,coin,0.5,0.5000332467156317,0.7142857142857143
10,3,C_ID,0,1000,lasso,0.6376811594202898,0.48857488559240875,0.6190476190476191
10,3,C_ID,0,1000,variance_rule,0.5818181818181818,0.5507033095962316,0.6190476190476191
10,3,C_ID,0,1000,truth_rule,0.7719298245614035,0.7401686281248145,0.6190476190476191
10,3,C_ID,0,1000,coin,0.45614035087719296,0.4457558450321608,0.6190476190476191
10,3,C_ID,1,1000,lasso,0.5396825396825397,0.3163467241843748,0.9090909090909091
10,3,C_ID,1,1000,variance_rule,0.5384615384615384,0.3417526134057769,0.9090909090909091
10,3,C_ID,1,1000,truth_rule,0.5769230769230769,0.35825076300335035,0.9090909090909091
10,3,C_ID,1,1000,coin,0.39215686274509803,0.2672548843903816,0.9090909090909091
10,3,C_ID,2,1000,lasso,0.47058823529411764,0.48504769859038777,0.6190476190476191
10,3,C_ID,2,1000,variance_rule,0.5263157894736842,0.4902579978361682,0.6190476190476191
10,3,C_ID,2,1000,truth_rule,0.7301587301587301,0.67766797683915,0.6190476190476191
10,3,C_ID,2,1000,coin,0.2903225806451613,0.2471813455488414,0.6190476190476191
10,3,C_ID,3,1000,lasso,0.676923076923077,0.6492767341604024,0.7619047619047619
10,3,C_ID,3,1000,variance_rule,0.6545454545454545,0.6647826206140015,0.7619047619047619
10,3,C_ID,3,1000,truth_rule,0.7741935483870968,0.8520653960722506,0.7619047619047619
10,3,C_ID,3,1000,coin,0.6181818181818182,0.6069624206457772,0.7619047619047619
10,3,C_ID,4,1000,lasso,0.5789473684210527,0.556365315133071,0.6363636363636364
10,3,C_ID,4,1000,variance_rule,0.5074626865671642,0.6055302702266357,0.6363636363636364
10,3,C_ID,4,1000,truth_rule,0.7027027027027027,0.8102170162561113,0.6363636363636364
10,3,C_ID,4,1000,coin,0.44776119402985076,0.5020137625603764,0.6363636363636364
10,3,C_ID,5,1000,lasso,0.7169811320754716,0.5305849000645565,0.6842105263157895
10,3,C_ID,5,1000,variance_rule,0.6,0.5452347850438041,0.6842105263157895
10,3,C_ID,5,1000,truth_rule,0.8444444444444444,0.8935050384789477,0.6842105263157895
10,3,C_ID,5,1000,coin,0.45454545454545453,0.4227451968554135,0.6842105263157895
10,3,C_ID,6,1000,lasso,0.6122448979591837,0.657210896265536,0.5555555555555556
10,3,C_ID,6,1000,variance_rule,0.4528301886792453,0.5193985921318087,0.5555555555555556
10,3,C_ID,6,1000,truth_rule,0.72,0.8024394260932385,0.5555555555555556
10,3,C_ID,6,1000,coin,0.5283018867924528,0.6408673866594424,0.5555555555555556
10,3,C_ID,7,1000,lasso,0.6666666666666666,0.6264058487277785,0.6818181818181818
10,3,C_ID,7,1000,variance_rule,0.5581395348837209,0.5508458959374356,0.6818181818181818
10,3,C_ID,7,1000,truth_rule,0.7441860465116279,0.8166481526101375,0.6818181818181818
10,3,C_ID,7,1000,coin,0.43636363636363634,0.47685598271200536,0.6818181818181818
10,3,C_ID,8,1000,lasso,0.6382978723404256,0.5983234767066121,0.7272727272727273
10,3,C_ID,8,1000,variance_rule,0.46511627906976744,0.5131777725855686,0.7272727272727273
10,3,C_ID,8,1000,truth_rule,0.6046511627906976,0.6689436396520354,0.7272727272727273
10,3,C_ID,8,1000,coin,0.46511627906976744,0.404300771692076,0.7272727272727273
10,3,C_ID,9,1000,lasso,0.7555555555555555,0.6981638168806914,0.7333333333333333
10,3,C_ID,9,1000,variance_rule,0.7222222222222222,0.6954648526077098,0.7333333333333333
10,3,C_ID,9,1000,truth_rule,0.8108108108108109,0.822782740896095,0.7333333333333333
10,3,C_ID,9,1000,coin,0.6111111111111112,0.632998866213152,0.7333333333333333
10,4,C_ID,0,1000,lasso,0.5897435897435898,0.5425732081697869,0.7894736842105263
10,4,C_ID,0,1000,variance_rule,0.6363636363636364,0.6154264391907511,0.7894736842105263
10,4,C_ID,0,1000,truth_rule,0.7272727272727273,0.6996721413050309,0.7894736842105263
10,4,C_ID,0,1000,coin,0.48484848484848486,0.4700199521060436,0.7894736842105263
10,4,C_ID,1,1000,lasso,0.6329113924050633,0.6651190756653076,0.7
10,4,C_ID,1,1000,variance_rule,0.6268656716417911,0.7149841688684737,0.7
10,4,C_ID,1,1000,truth_rule,0.7297297297297297,0.7962704381142323,0.7
10,4,C_ID,1,1000,coin,0.46153846153846156,0.5446025246400757,0.7
10,4,C_ID,2,1000,lasso,0.625,0.5053598564643168,0.5652173913043478
10,4,C_ID,2,1000,variance_rule,0.5964912280701754,0.5259751695114854,0.5652173913043478
10,4,C_ID,2,1000,truth_rule,0.8070175438596491,0.7600949610634254,0.5652173913043478
10,4,C_ID,2,1000,coin,0.5,0.4835668278823695,0.5652173913043478
10,4,C_ID,3,1000,lasso,0.5822784810126582,0.5661999035068224,0.5
10,4,C_ID,3,1000,variance_rule,0.5,0.48141075150800555,0.5
10,4,C_ID,3,1000,truth_rule,0.8235294117647058,0.8571821406108711,0.5
10,4,C_ID,3,1000,coin,0.35294117647058826,0.40333281438642454,0.5
10,4,C_ID,4,1000,lasso,0.6410256410256411,0.5519426543887204,0.7083333333333334
10,4,C_ID,4,1000,variance_rule,0.5866666666666667,0.654078753787718,0.7083333333333334
10,4,C_ID,4,1000,truth_rule,0.7222222222222222,0.8235374467195444,0.7083333333333334
10,4,C_ID,4,1000,coin,0.30985915492957744,0.3973417757975143,0.7083333333333334
10,4,C_ID,5,1000,lasso,0.7088607594936709,0.7034053358626112,0.782608695652174
10,4,C_ID,5,1000,variance_rule,0.6571428571428571,0.7251630672025408,0.782608695652174
10,4,C_ID,5,1000,truth_rule,0.8,0.8199254784432802,0.782608695652174
10,4,C_ID,5,1000,coin,0.5428571428571428,0.594493734131892,0.782608695652174
10,4,C_ID,6,1000,lasso,0.6190476190476191,0.6729638002331909,0.631578947368421
10,4,C_ID,6,1000,variance_rule,0.5573770491803278,0.6376839391658866,0.631578947368421
10,4,C_ID,6,1000,truth_rule,0.6885245901639344,0.7617645184808135,0.631578947368421
10,4,C_ID,6,1000,coin,0.4745762711864407,0.5397448625122989,0.631578947368421
10,4,C_ID,7,1000,lasso,0.6956521739130435,0.4966730289432923,0.6470588235294118
10,4,C_ID,7,1000,variance_rule,0.5714285714285714,0.4895057688737199,0.6470588235294118
10,4,C_ID,7,1000,truth_rule,0.6984126984126984,0.6005652992630491,0.6470588235294118
10,4,C_ID,7,1000,coin,0.53125,0.43730296491418297,0.6470588235294118
10,4,C_ID,8,1000,lasso,0.6153846153846154,0.5236435693146975,0.5714285714285714
10,4,C_ID,8,1000,variance_rule,0.45614035087719296,0.4805986526798872,0.5714285714285714
10,4,C_ID,8,1000,truth_rule,0.6779661016949152,0.7210299558743023,0.5714285714285714
10,4,C_ID,8,1000,coin,0.35555555555555557,0.36749451099016844,0.5714285714285714
10,4,C_ID,9,1000,lasso,0.725,0.5643803766741049,0.7368421052631579
10,4,C_ID,9,1000,variance_rule,0.6,0.5444367175942757,0.7368421052631579
10,4,C_ID,9,1000,truth_rule,0.7323943661971831,0.6452487919167891,0.7368421052631579
10,4,C_ID,9,1000,coin,0.5079365079365079,0.4823315754998907,0.7368421052631579
10,1,C_ID,0,10000,lasso,0.6923076923076923,0.4756660006660007,1.0
10,1,C_ID,0,10000,variance_rule,0.8181818181818182,0.80154933450388,1.0
10,1,C_ID,0,10000,truth_rule,0.8181818181818182,0.80154933450388,1.0
10,1,C_ID,0,10000,coin,0.6666666666666666,0.622929847929848,1.0
10,1,C_ID,1,10000,lasso,0.7619047619047619,0.48565508565508564,0.4444444444444444
10,1,C_ID,1,10000,variance_rule,0.5333333333333333,0.45679012345679004,0.4444444444444444
10,1,C_ID,1,10000,truth_rule,1.0,0.9722222222222223,0.4444444444444444
10,1,C_ID,1,10000,coin,0.5882352941176471,0.2763007054673722,0.4444444444444444
10,1,C_ID,2,10000,lasso,0.6666666666666666,0.6193968761601611,1.0
10,1,C_ID,2,10000,variance_rule,0.875,0.7950367033700366,1.0
10,1,C_ID,2,10000,truth_rule,0.875,0.7950367033700366,1.0
10,1,C_ID,2,10000,coin,0.5714285714285714,0.4010176843510177,1.0
10,1,C_ID,3,10000,lasso,0.6666666666666666,0.35180821718931476,0.5
10,1,C_ID,3,10000,variance_rule,0.36363636363636365,0.10617224367224366,0.5
10,1,C_ID,3,10000,truth_rule,0.7272727272727273,0.4297619047619048,0.5
10,1,C_ID,3,10000,coin,0.3333333333333333,0.0893018018018018,0.5
10,1,C_ID,4,10000,lasso,0.8333333333333334,0.6542388167388167,0.75
10,1,C_ID,4,10000,variance_rule,0.8,0.6944444444444444,0.75
10,1,C_ID,4,10000,truth_rule,0.9090909090909091,0.8493055555555554,0.75
10,1,C_ID,4,10000,coin,0.8,0.6944444444444444,0.75
10,1,C_ID,5,10000,lasso,0.8571428571428571,0.5401751026751027,0.6666666666666666
10,1,C_ID,5,10000,variance_rule,0.631578947368421,0.38647692463481936,0.6666666666666666
10,1,C_ID,5,10000,truth_rule,0.9473684210526315,0.6146284271284272,0.6666666666666666
10,1,C_ID,5,10000,coin,0.42105263157894735,0.2636373129794182,0.6666666666666666
10,1,C_ID,6,10000,lasso,0.7142857142857143,0.5798080472499076,0.6
10,1,C_ID,6,10000,variance_rule,0.5,0.2252150646887489,0.6
10,1,C_ID,6,10000,truth_rule,0.7692307692307693,0.6514862606967871,0.6
10,1,C_ID,6,10000,coin,0.25,0.19418196391880602,0.6
10,1,C_ID,7,10000,lasso,0.7,0.36163942052099946,0.5
10,1,C_ID,7,10000,variance_rule,0.5333333333333333,0.3082106307435255,0.5
10,1,C_ID,7,10000,truth_rule,0.875,0.6226490705931496,0.5
10,1,C_ID,7,10000,coin,0.375,0.19791013993316622,0.5
10,1,C_ID,8,10000,lasso,0.7142857142857143,0.42000279812779817,0.7
10,1,C_ID,8,10000,variance_rule,0.5833333333333334,0.3451845155649504,0.7
10,1,C_ID,8,10000,truth_rule,0.8333333333333334,0.6242993218536697,0.7
10,1,C_ID,8,10000,coin,0.5,0.2441974691974692,0.7
10,1,C_ID,9,10000,lasso,0.6923076923076923,0.38063659131434074,0.9
10,1,C_ID,9,10000,variance_rule,0.7619047619047619,0.5834271284271284,0.9
10,1,C_ID,9,10000,truth_rule,0.8571428571428571,0.6643614718614719,0.9
10,1,C_ID,9,10000,coin,0.5714285714285714,0.36840367965367965,0.9
10,2,C_ID,0,10000,lasso,0.6037735849056604,0.45391321766000087,0.6111111111111112
10,2,C_ID,0,10000,variance_rule,0.5,0.34697349872264055,0.6111111111111112
10,2,C_ID,0,10000,truth_rule,0.7804878048780488,0.6471561419087163,0.6111111111111112
10,2,C_ID,0,10000,coin,0.47368421052631576,0.35538575179879534,0.6111111111111112
10,2,C_ID,1,10000,lasso,0.7142857142857143,0.5381587905824154,0.7272727272727273
10,2,C_ID,1,10000,variance_rule,0.6666666666666666,0.5201008016618877,0.7272727272727273
10,2,C_ID,1,10000,truth_rule,0.7407407407407407,0.6304261204118313,0.7272727272727273
10,2,C_ID,1,10000,coin,0.5714285714285714,0.38383609854198086,0.7272727272727273
10,2,C_ID,2,10000,lasso,0.5925925925925926,0.409529535885287,0.7
10,2,C_ID,2,10000,variance_rule,0.56,0.365051081468043,0.7
10,2,C_ID,2,10000,truth_rule,0.8,0.74335818542544,0.7
10,2,C_ID,2,10000,coin,0.56,0.3453215229779803,0.7
10,2,C_ID,3,10000,lasso,0.625,0.5629391464428735,0.5333333333333333
10,2,C_ID,3,10000,variance_rule,0.5454545454545454,0.3872304574510457,0.5333333333333333
10,2,C_ID,3,10000,truth_rule,0.7878787878787878,0.8430755927079456,0.5333333333333333
10,2,C_ID,3,10000,coin,0.5185185185185185,0.46519607843137256,0.5333333333333333
10,2,C_ID,4,10000,lasso,0.8387096774193549,0.7846820309320308,0.6666666666666666
10,2,C_ID,4,10000,variance_rule,0.72,0.6238671023965141,0.6666666666666666
10,2,C_ID,4,10000,truth_rule,0.8,0.8062994086523498,0.6666666666666666
10,2,C_ID,4,10000,coin,0.5,0.4979575163398693,0.6666666666666666
10,2,C_ID,5,10000,lasso,0.6857142857142857,0.5903145508602164,0.625
10,2,C_ID,5,10000,variance_rule,0.6666666666666666,0.625976800976801,0.625
10,2,C_ID,5,10000,truth_rule,0.7096774193548387,0.7358972549189942,0.625
10,2,C_ID,5,10000,coin,0.5161290322580645,0.3733879835442335,0.625
10,2,C_ID,6,10000,lasso,0.6666666666666666,0.5110672107716252,0.5384615384615384
10,2,C_ID,6,10000,variance_rule,0.41379310344827586,0.27640781983443796,0.5384615384615384
10,2,C_ID,6,10000,truth_rule,0.8,0.6128063332235262,0.5384615384615384
10,2,C_ID,6,10000,coin,0.5,0.30262575432782884,0.5384615384615384
10,2,C_ID,7,10000,lasso,0.5818181818181818,0.38100691573389567,0.5555555555555556
10,2,C_ID,7,10000,variance_rule,0.47619047619047616,0.3501238929199456,0.5555555555555556
10,2,C_ID,7,10000,truth_rule,0.7142857142857143,0.5406458473353497,0.5555555555555556
10,2,C_ID,7,10000,coin,0.3111111111111111,0.21326686607950912,0.5555555555555556
10,2,C_ID,8,10000,lasso,0.7636363636363637,0.6995763819935427,0.6842105263157895
10,2,C_ID,8,10000,variance_rule,0.6808510638297872,0.6144917739265566,0.6842105263157895
10,2,C_ID,8,10000,truth_rule,0.8163265306122449,0.8065357697996379,0.6842105263157895
10,2,C_ID,8,10000,coin,0.5106382978723404,0.4306400468180828,0.6842105263157895
10,2,C_ID,9,10000,lasso,0.6875,0.6553238551404312,0.7142857142857143
10,2,C_ID,9,10000,variance_rule,0.625,0.5852139467682231,0.7142857142857143
10,2,C_ID,9,10000,truth_rule,0.8,0.8399463372228465,0.7142857142857143
10,2,C_ID,9,10000,coin,0.5714285714285714,0.5469052071509501,0.7142857142857143
10,3,C_ID,0,10000,lasso,0.65625,0.5050320375176335,0.6190476190476191
10,3,C_ID,0,10000,variance_rule,0.5818181818181818,0.5655371976057311,0.6190476190476191
10,3,C_ID,0,10000,truth_rule,0.8070175438596491,0.7629228486506145,0.6190476190476191
10,3,C_ID,0,10000,coin,0.4642857142857143,0.45641505827987183,0.6190476190476191
10,3,C_ID,1,10000,lasso,0.5,0.31539590754972985,0.9090909090909091
10,3,C_ID,1,10000,variance_rule,0.5306122448979592,0.3438087778095461,0.9090909090909091
10,3,C_ID,1,10000,truth_rule,0.5714285714285714,0.3628077007523899,0.9090909090909091
10,3,C_ID,1,10000,coin,0.3673469387755102,0.26361699307539355,0.9090909090909091
10,3,C_ID,2,10000,lasso,0.5588235294117647,0.581961263291912,0.6190476190476191
10,3,C_ID,2,10000,variance_rule,0.5714285714285714,0.5345999208896252,0.6190476190476191
10,3,C_ID,2,10000,truth_rule,0.7586206896551724,0.7803356648968238,0.6190476190476191
10,3,C_ID,2,10000,coin,0.32142857142857145,0.25836217742822926,0.6190476190476191
10,3,C_ID,3,10000,lasso,0.7352941176470589,0.6586504577161593,0.7619047619047619
10,3,C_ID,3,10000,variance_rule,0.6551724137931034,0.6700997703614302,0.7619047619047619
10,3,C_ID,3,10000,truth_rule,0.8275862068965517,0.8693391623406226,0.7619047619047619
10,3,C_ID,3,10000,coin,0.6206896551724138,0.6261007444817243,0.7619047619047619
10,3,C_ID,4,10000,lasso,0.6285714285714286,0.6287739454727436,0.6818181818181818
10,3,C_ID,4,10000,variance_rule,0.5757575757575758,0.6396004692177761,0.6818181818181818
10,3,C_ID,4,10000,truth_rule,0.7575757575757576,0.8326162507937168,0.6818181818181818
10,3,C_ID,4,10000,coin,0.46153846153846156,0.5258202928255921,0.6818181818181818
10,3,C_ID,5,10000,lasso,0.7457627118644068,0.5945354575378525,0.6842105263157895
10,3,C_ID,5,10000,variance_rule,0.6,0.523570550974643,0.6842105263157895
10,3,C_ID,5,10000,truth_rule,0.8444444444444444,0.8911189574013373,0.6842105263157895
10,3,C_ID,5,10000,coin,0.46511627906976744,0.3699218537967764,0.6842105263157895
10,3,C_ID,6,10000,lasso,0.5333333333333333,0.5517890142429974,0.6111111111111112
10,3,C_ID,6,10000,variance_rule,0.5084745762711864,0.5259952199826013,0.6111111111111112
10,3,C_ID,6,10000,truth_rule,0.6923076923076923,0.7263536122685824,0.6111111111111112
10,3,C_ID,6,10000,coin,0.5384615384615384,0.5911921240997328,0.6111111111111112
10,3,C_ID,7,10000,lasso,0.723404255319149,0.6525341986146227,0.6818181818181818
10,3,C_ID,7,10000,variance_rule,0.5833333333333334,0.5858129733548016,0.6818181818181818
10,3,C_ID,7,10000,truth_rule,0.7755102040816326,0.8487592216562658,0.6818181818181818
10,3,C_ID,7,10000,coin,0.4642857142857143,0.5110950249603066,0.6818181818181818
10,3,C_ID,8,10000,lasso,0.7111111111111111,0.6888594749845711,0.7272727272727273
10,3,C_ID,8,10000,variance_rule,0.5365853658536586,0.5664290985971139,0.7272727272727273
10,3,C_ID,8,10000,truth_rule,0.6829268292682927,0.7150754545561737,0.7272727272727273
10,3,C_ID,8,10000,coin,0.5365853658536586,0.47361368739245974,0.7272727272727273
10,3,C_ID,9,10000,lasso,0.6956521739130435,0.7166501965130787,0.7333333333333333
10,3,C_ID,9,10000,variance_rule,0.6842105263157895,0.6651072964798455,0.7333333333333333
10,3,C_ID,9,10000,truth_rule,0.7894736842105263,0.8468311399760067,0.7333333333333333
10,3,C_ID,9,10000,coin,0.5945945945945946,0.6765865197412815,0.7333333333333333
10,4,C_ID,0,10000,lasso,0.5333333333333333,0.5157280114373242,0.7894736842105263
10,4,C_ID,0,10000,variance_rule,0.625,0.5968318318066674,0.7894736842105263
10,4,C_ID,0,10000,truth_rule,0.6984126984126984,0.6631756272877076,0.7894736842105263
10,4,C_ID,0,10000,coin,0.46875,0.448570667102214,0.7894736842105263
10,4,C_ID,1,10000,lasso,0.5952380952380952,0.6433914007767286,0.65
10,4,C_ID,1,10000,variance_rule,0.6027397260273972,0.6837551522968269,0.65
10,4,C_ID,1,10000,truth_rule,0.7123287671232876,0.7809963166489574,0.65
10,4,C_ID,1,10000,coin,0.4931506849315068,0.5437754594215358,0.65
10,4,C_ID,2,10000,lasso,0.65625,0.5564426053408414,0.5652173913043478
10,4,C_ID,2,10000,variance_rule,0.6071428571428571,0.5659919995028484,0.5652173913043478
10,4,C_ID,2,10000,truth_rule,0.8421052631578947,0.793233730619274,0.5652173913043478
10,4,C_ID,2,10000,coin,0.5263157894736842,0.5223235301590621,0.5652173913043478
10,4,C_ID,3,10000,lasso,0.6341463414634146,0.603966377180349,0.5384615384615384
10,4,C_ID,3,10000,variance_rule,0.5294117647058824,0.5169046068087285,0.5384615384615384
10,4,C_ID,3,10000,truth_rule,0.8285714285714286,0.9066827600209172,0.5384615384615384
10,4,C_ID,3,10000,coin,0.38235294117647056,0.40959746644888484,0.5384615384615384
10,4,C_ID,4,10000,lasso,0.6265060240963856,0.5467208306386855,0.6666666666666666
10,4,C_ID,4,10000,variance_rule,0.5405405405405406,0.6134661802597426,0.6666666666666666
10,4,C_ID,4,10000,truth_rule,0.7567567567567568,0.8514998967741177,0.6666666666666666
10,4,C_ID,4,10000,coin,0.3055555555555556,0.417395589535388,0.6666666666666666
10,4,C_ID,5,10000,lasso,0.7,0.7570436063740347,0.782608695652174
10,4,C_ID,5,10000,variance_rule,0.6666666666666666,0.7742483718504587,0.782608695652174
10,4,C_ID,5,10000,truth_rule,0.8115942028985508,0.8793879679349279,0.782608695652174
10,4,C_ID,5,10000,coin,0.5217391304347826,0.6027577358691241,0.782608695652174
10,4,C_ID,6,10000,lasso,0.6486486486486487,0.6513485642276485,0.631578947368421
10,4,C_ID,6,10000,variance_rule,0.5423728813559322,0.6140738243084041,0.631578947368421
10,4,C_ID,6,10000,truth_rule,0.6666666666666666,0.7481927084345383,0.631578947368421
10,4,C_ID,6,10000,coin,0.4482758620689655,0.522011471203243,0.631578947368421
10,4,C_ID,7,10000,lasso,0.6857142857142857,0.47776561135640033,0.6470588235294118
10,4,C_ID,7,10000,variance_rule,0.576271186440678,0.4643426226305114,0.6470588235294118
10,4,C_ID,7,10000,truth_rule,0.7272727272727273,0.5814132618350832,0.6470588235294118
10,4,C_ID,7,10000,coin,0.5666666666666667,0.4370581096251967,0.6470588235294118
10,4,C_ID,8,10000,lasso,0.5428571428571428,0.48117159159744427,0.5714285714285714
10,4,C_ID,8,10000,variance_rule,0.4444444444444444,0.430177392315675,0.5714285714285714
10,4,C_ID,8,10000,truth_rule,0.6349206349206349,0.6421819318282002,0.5714285714285714
10,4,C_ID,8,10000,coin,0.3333333333333333,0.40101837570847965,0.5714285714285714
10,4,C_ID,9,10000,lasso,0.7435897435897436,0.5610537214198044,0.7368421052631579
10,4,C_ID,9,10000,variance_rule,0.625,0.5742751011888707,0.7368421052631579
10,4,C_ID,9,10000,truth_rule,0.7536231884057971,0.7059038514521672,0.7368421052631579
10,4,C_ID,9,10000,coin,0.5454545454545454,0.4999434923717703,0.7368421052631579
10,1,C_ID,0,inf,lasso,0.7692307692307693,0.5505550334601719,1.0
10,1,C_ID,0,inf,variance_rule,0.8571428571428571,0.8447372888549359,1.0
10,1,C_ID,0,inf,truth_rule,0.8571428571428571,0.8447372888549359,1.0
10,1,C_ID,0,inf,coin,0.7,0.672124607418725,1.0
10,1,C_ID,1,inf,lasso,0.782608695652174,0.5288618788618789,0.4444444444444444
10,1,C_ID,1,inf,variance_rule,0.5333333333333333,0.5308641975308641,0.4444444444444444
10,1,C_ID,1,inf,truth_rule,1.0,0.962962962962963,0.4444444444444444
10,1,C_ID,1,inf,coin,0.5882352941176471,0.36889329805996474,0.4444444444444444
10,1,C_ID,2,inf,lasso,0.6956521739130435,0.600804982054982,1.0
10,1,C_ID,2,inf,variance_rule,0.8888888888888888,0.7933641975308641,1.0
10,1,C_ID,2,inf,truth_rule,0.8888888888888888,0.7933641975308641,1.0
10,1,C_ID,2,inf,coin,0.5714285714285714,0.4003086419753086,1.0
10,1,C_ID,3,inf,lasso,0.7272727272727273,0.34375,0.5
10,1,C_ID,3,inf,variance_rule,0.4444444444444444,0.22361111111111112,0.5
10,1,C_ID,3,inf,truth_rule,0.8888888888888888,0.5791666666666666,0.5
10,1,C_ID,3,inf,coin,0.3333333333333333,0.15416666666666667,0.5
10,1,C_ID,4,inf,lasso,0.7692307692307693,0.7257936507936508,0.75
10,1,C_ID,4,inf,variance_rule,0.8,0.811111111111111,0.75
10,1,C_ID,4,inf,truth_rule,0.9090909090909091,0.9222222222222222,0.75
10,1,C_ID,4,inf,coin,0.8,0.811111111111111,0.75
10,1,C_ID,5,inf,lasso,0.782608695652174,0.5710826210826211,0.6666666666666666
10,1,C_ID,5,inf,variance_rule,0.5714285714285714,0.482691999358666,0.6666666666666666
10,1,C_ID,5,inf,truth_rule,0.8571428571428571,0.7012866762866763,0.6666666666666666
10,1,C_ID,5,inf,coin,0.4,0.32635882635882635,0.6666666666666666
10,1,C_ID,6,inf,lasso,0.8235294117647058,0.752125850340136,0.6
10,1,C_ID,6,inf,variance_rule,0.6153846153846154,0.47023809523809523,0.6
10,1,C_ID,6,inf,truth_rule,0.9230769230769231,0.9341269841269839,0.6
10,1,C_ID,6,inf,coin,0.3076923076923077,0.3277777777777778,0.6
10,1,C_ID,7,inf,lasso,0.7,0.42228535353535357,0.5
10,1,C_ID,7,inf,variance_rule,0.5,0.37458964646464643,0.5
10,1,C_ID,7,inf,truth_rule,0.875,0.648974116161616,0.5
10,1,C_ID,7,inf,coin,0.375,0.26560921717171715,0.5
10,1,C_ID,8,inf,lasso,0.7857142857142857,0.4599454365079365,0.7
10,1,C_ID,8,inf,variance_rule,0.6666666666666666,0.3962662337662338,0.7
10,1,C_ID,8,inf,truth_rule,0.9166666666666666,0.6649891774891776,0.7
10,1,C_ID,8,inf,coin,0.5217391304347826,0.2789006132756133,0.7
10,1,C_ID,9,inf,lasso,0.75,0.4030372405372406,0.9
10,1,C_ID,9,inf,variance_rule,0.8,0.6005699855699855,0.9
10,1,C_ID,9,inf,truth_rule,0.9,0.6740043290043289,0.9
10,1,C_ID,9,inf,coin,0.6,0.39411796536796534,0.9
10,2,C_ID,0,inf,lasso,0.6808510638297872,0.4775982910530469,0.6111111111111112
10,2,C_ID,0,inf,variance_rule,0.5365853658536586,0.3620765480039673,0.6111111111111112
10,2,C_ID,0,inf,truth_rule,0.8292682926829268,0.6756671373325972,0.6111111111111112
10,2,C_ID,0,inf,coin,0.4878048780487805,0.36630707452592126,0.6111111111111112
10,2,C_ID,1,inf,lasso,0.7142857142857143,0.6017877710524769,0.7272727272727273
10,2,C_ID,1,inf,variance_rule,0.6923076923076923,0.5402358325435248,0.7272727272727273
10,2,C_ID,1,inf,truth_rule,0.7692307692307693,0.6786587975412695,0.7272727272727273
10,2,C_ID,1,inf,coin,0.5714285714285714,0.4273472141893194,0.7272727272727273
10,2,C_ID,2,inf,lasso,0.6666666666666666,0.496889950901318,0.7
10,2,C_ID,2,inf,variance_rule,0.6153846153846154,0.4169632625777583,0.7
10,2,C_ID,2,inf,truth_rule,0.7857142857142857,0.7759167857119538,0.7
10,2,C_ID,2,inf,coin,0.6153846153846154,0.3915751906823335,0.7
10,2,C_ID,3,inf,lasso,0.6666666666666666,0.5871701027975518,0.5333333333333333
10,2,C_ID,3,inf,variance_rule,0.5625,0.3991659484306543,0.5333333333333333
10,2,C_ID,3,inf,truth_rule,0.8125,0.8530941280941282,0.5333333333333333
10,2,C_ID,3,inf,coin,0.5185185185185185,0.4746031746031746,0.5333333333333333
10,2,C_ID,4,inf,lasso,0.875,0.8371103270367977,0.6666666666666666
10,2,C_ID,4,inf,variance_rule,0.72,0.7019536019536019,0.6666666666666666
10,2,C_ID,4,inf,truth_rule,0.8571428571428571,0.9036324786324785,0.6666666666666666
10,2,C_ID,4,inf,coin,0.5,0.602014652014652,0.6666666666666666
10,2,C_ID,5,inf,lasso,0.7058823529411765,0.6451313669023615,0.625
10,2,C_ID,5,inf,variance_rule,0.64,0.6348121526462044,0.625
10,2,C_ID,5,inf,truth_rule,0.75,0.789563555457952,0.625
10,2,C_ID,5,inf,coin,0.5333333333333333,0.41094914125625337,0.625
10,2,C_ID,6,inf,lasso,0.7647058823529411,0.546073682509441,0.5384615384615384
10,2,C_ID,6,inf,variance_rule,0.4666666666666667,0.3443204796711584,0.5384615384615384
10,2,C_ID,6,inf,truth_rule,0.8387096774193549,0.6510979436601609,0.5384615384615384
10,2,C_ID,6,inf,coin,0.5806451612903226,0.3578873960378485,0.5384615384615384
10,2,C_ID,7,inf,lasso,0.5555555555555556,0.3746453321623467,0.5555555555555556
10,2,C_ID,7,inf,variance_rule,0.5,0.35468382827612704,0.5555555555555556
10,2,C_ID,7,inf,truth_rule,0.7272727272727273,0.5405964757617908,0.5555555555555556
10,2,C_ID,7,inf,coin,0.3181818181818182,0.20896550032709846,0.5555555555555556
10,2,C_ID,8,inf,lasso,0.7931034482758621,0.7461275698346891,0.6842105263157895
10,2,C_ID,8,inf,variance_rule,0.6666666666666666,0.6216708117117326,0.6842105263157895
10,2,C_ID,8,inf,truth_rule,0.84,0.8477110271729736,0.6842105263157895
10,2,C_ID,8,inf,coin,0.56,0.4535450405803347,0.6842105263157895
10,2,C_ID,9,inf,lasso,0.7567567567567568,0.6999951413959492,0.7142857142857143
10,2,C_ID,9,inf,variance_rule,0.7333333333333333,0.6384967463092462,0.7142857142857143
10,2,C_ID,9,inf,truth_rule,0.9032258064516129,0.9197867008722271,0.7142857142857143
10,2,C_ID,9,inf,coin,0.5806451612903226,0.566190333789018,0.7142857142857143
10,3,C_ID,0,inf,lasso,0.6865671641791045,0.5107291235838055,0.6190476190476191
10,3,C_ID,0,inf,variance_rule,0.5833333333333334,0.5606780052018662,0.6190476190476191
10,3,C_ID,0,inf,truth_rule,0.8070175438596491,0.7572271445727436,0.6190476190476191
10,3,C_ID,0,inf,coin,0.4666666666666667,0.45439925264447356,0.6190476190476191
10,3,C_ID,1,inf,lasso,0.5151515151515151,0.32905396628307154,0.9090909090909091
10,3,C_ID,1,inf,variance_rule,0.5,0.35417114543599976,0.9090909090909091
10,3,C_ID,1,inf,truth_rule,0.5384615384615384,0.3733165408737918,0.9090909090909091
10,3,C_ID,1,inf,coin,0.38461538461538464,0.2735794591058527,0.9090909090909091
10,3,C_ID,2,inf,lasso,0.5333333333333333,0.5685594945341937,0.6190476190476191
10,3,C_ID,2,inf,variance_rule,0.5517241379310345,0.5504789629095185,0.6190476190476191
10,3,C_ID,2,inf,truth_rule,0.7457627118644068,0.7881640575838604,0.6190476190476191
10,3,C_ID,2,inf,coin,0.32727272727272727,0.2580285660841217,0.6190476190476191
10,3,C_ID,3,inf,lasso,0.7384615384615385,0.6599830379277586,0.7619047619047619
10,3,C_ID,3,inf,variance_rule,0.6551724137931034,0.6449592765963982,0.7619047619047619
10,3,C_ID,3,inf,truth_rule,0.8,0.8567867414827813,0.7619047619047619
10,3,C_ID,3,inf,coin,0.6206896551724138,0.6191877139250553,0.7619047619047619
10,3,C_ID,4,inf,lasso,0.6419753086419753,0.6547214946899238,0.6818181818181818
10,3,C_ID,4,inf,variance_rule,0.6285714285714286,0.6662489087762188,0.6818181818181818
10,3,C_ID,4,inf,truth_rule,0.7714285714285715,0.847138487847524,0.6818181818181818
10,3,C_ID,4,inf,coin,0.4927536231884058,0.5446980646184295,0.6818181818181818
10,3,C_ID,5,inf,lasso,0.711864406779661,0.5623970828896943,0.6842105263157895
10,3,C_ID,5,inf,variance_rule,0.5777777777777777,0.5030360488735774,0.6842105263157895
10,3,C_ID,5,inf,truth_rule,0.8444444444444444,0.8726336476897119,0.6842105263157895
10,3,C_ID,5,inf,coin,0.45454545454545453,0.3707778975410555,0.6842105263157895
10,3,C_ID,6,inf,lasso,0.5,0.5466172468559839,0.6111111111111112
10,3,C_ID,6,inf,variance_rule,0.5614035087719298,0.5295110427013554,0.6111111111111112
10,3,C_ID,6,inf,truth_rule,0.7368421052631579,0.7607815472529061,0.6111111111111112
10,3,C_ID,6,inf,coin,0.5614035087719298,0.5925758125996493,0.6111111111111112
10,3,C_ID,7,inf,lasso,0.6896551724137931,0.6543395839084695,0.6818181818181818
10,3,C_ID,7,inf,variance_rule,0.5652173913043478,0.5601630868213805,0.6818181818181818
10,3,C_ID,7,inf,truth_rule,0.76,0.8215501475160157,0.6818181818181818
10,3,C_ID,7,inf,coin,0.44,0.5027158025785844,0.6818181818181818
10,3,C_ID,8,inf,lasso,0.7111111111111111,0.6858220204274017,0.7272727272727273
10,3,C_ID,8,inf,variance_rule,0.5333333333333333,0.5924477590381481,0.7272727272727273
10,3,C_ID,8,inf,truth_rule,0.6842105263157895,0.7482254926190852,0.7272727272727273
10,3,C_ID,8,inf,coin,0.5263157894736842,0.4606280193236714,0.7272727272727273
10,3,C_ID,9,inf,lasso,0.723404255319149,0.7115936358924093,0.7333333333333333
10,3,C_ID,9,inf,variance_rule,0.7027027027027027,0.6707673741602312,0.7333333333333333
10,3,C_ID,9,inf,truth_rule,0.8108108108108109,0.8487063614056367,0.7333333333333333
10,3,C_ID,9,inf,coin,0.625,0.6671433650315638,0.7333333333333333
10,4,C_ID,0,inf,lasso,0.55,0.5003594596668316,0.7894736842105263
10,4,C_ID,0,inf,variance_rule,0.6153846153846154,0.5836633646605425,0.7894736842105263
10,4,C_ID,0,inf,truth_rule,0.6865671641791045,0.6481499900915018,0.7894736842105263
10,4,C_ID,0,inf,coin,0.4788732394366197,0.4356273690711634,0.7894736842105263
10,4,C_ID,1,inf,lasso,0.611764705882353,0.6283967658927039,0.65
10,4,C_ID,1,inf,variance_rule,0.6111111111111112,0.6834102180053888,0.65
10,4,C_ID,1,inf,truth_rule,0.7397260273972602,0.7904601490135722,0.65
10,4,C_ID,1,inf,coin,0.5,0.5458993683420437,0.65
10,4,C_ID,2,inf,lasso,0.7272727272727273,0.55980854363837,0.5652173913043478
10,4,C_ID,2,inf,variance_rule,0.6181818181818182,0.5659003270495829,0.5652173913043478
10,4,C_ID,2,inf,truth_rule,0.8421052631578947,0.7918009708147529,0.5652173913043478
10,4,C_ID,2,inf,coin,0.5263157894736842,0.5148132323985589,0.5652173913043478
10,4,C_ID,3,inf,lasso,0.6746987951807228,0.6213139960727618,0.5384615384615384
10,4,C_ID,3,inf,variance_rule,0.5161290322580645,0.5272798583752176,0.5384615384615384
10,4,C_ID,3,inf,truth_rule,0.8169014084507042,0.9031697393998557,0.5384615384615384
10,4,C_ID,3,inf,coin,0.37142857142857144,0.4235093518544256,0.5384615384615384
10,4,C_ID,4,inf,lasso,0.5866666666666667,0.5250687835330875,0.6666666666666666
10,4,C_ID,4,inf,variance_rule,0.5428571428571428,0.5881663569351011,0.6666666666666666
10,4,C_ID,4,inf,truth_rule,0.7428571428571429,0.8200344595251406,0.6666666666666666
10,4,C_ID,4,inf,coin,0.28125,0.4010529945758885,0.6666666666666666
10,4,C_ID,5,inf,lasso,0.7341772151898734,0.763083698004863,0.7391304347826086
10,4,C_ID,5,inf,variance_rule,0.6363636363636364,0.7361337116734417,0.7391304347826086
10,4,C_ID,5,inf,truth_rule,0.8181818181818182,0.8754003279265647,0.7391304347826086
10,4,C_ID,5,inf,coin,0.5151515151515151,0.601118030514582,0.7391304347826086
10,4,C_ID,6,inf,lasso,0.65,0.670891658660027,0.631578947368421
10,4,C_ID,6,inf,variance_rule,0.5633802816901409,0.6385396893448941,0.631578947368421
10,4,C_ID,6,inf,truth_rule,0.6774193548387096,0.7633720889090031,0.631578947368421
10,4,C_ID,6,inf,coin,0.4788732394366197,0.5467787483705037,0.631578947368421
10,4,C_ID,7,inf,lasso,0.6842105263157895,0.5062955844770807,0.6470588235294118
10,4,C_ID,7,inf,variance_rule,0.5806451612903226,0.4902044371446936,0.6470588235294118
10,4,C_ID,7,inf,truth_rule,0.7096774193548387,0.5756072272045101,0.6470588235294118
10,4,C_ID,7,inf,coin,0.5573770491803278,0.44322741784997954,0.6470588235294118
10,4,C_ID,8,inf,lasso,0.6197183098591549,0.517849115185006,0.5714285714285714
10,4,C_ID,8,inf,variance_rule,0.43636363636363634,0.42122967374386366,0.5714285714285714
10,4,C_ID,8,inf,truth_rule,0.6774193548387096,0.6904054731268641,0.5714285714285714
10,4,C_ID,8,inf,coin,0.3384615384615385,0.4108084607787318,0.5714285714285714
10,4,C_ID,9,inf,lasso,0.7692307692307693,0.5795197660208435,0.7368421052631579
10,4,C_ID,9,inf,variance_rule,0.6470588235294118,0.5742199846853759,0.7368421052631579
10,4,C_ID,9,inf,truth_rule,0.7647058823529411,0.7063370727518032,0.7368421052631579
10,4,C_ID,9,inf,coin,0.5538461538461539,0.512862658751069,0.7368421052631579
