p,c_choice,lambda_index,tpr,fpr,precision,nnz
10,C_ID,0,0.7221947628784274,0.43956616332468323,0.3384024285407262,45.16
10,C_ID,1,0.7221947628784274,0.43947825752099406,0.33841209037647496,45.15
10,C_ID,2,0.7221947628784274,0.43963026588878584,0.33833962660835903,45.16
10,C_ID,3,0.7219383526220171,0.43915126981187824,0.3384998458217697,45.12
10,C_ID,4,0.7219383526220171,0.43908088993283856,0.33851455816256903,45.11
10,C_ID,5,0.722095357452935,0.43853581282518256,0.33874862407609835,45.07
10,C_ID,6,0.7215071221588173,0.43840760769697745,0.33865200571861037,45.05
10,C_ID,7,0.7217848999365951,0.43828996063815395,0.33879341986002454,45.05
10,C_ID,8,0.7222196825452908,0.43800557177167554,0.33905669086797635,45.04
10,C_ID,9,0.7222196825452908,0.4382905049255199,0.33892427980078277,45.06
10,C_ID,10,0.7226544651539863,0.4381742258557525,0.33909431269213847,45.06
10,C_ID,11,0.7207246405925828,0.43789942818965044,0.3389238466566573,45.02
10,C_ID,12,0.721059088753118,0.4375101103003326,0.3390863351367511,44.99
10,C_ID,13,0.721059088753118,0.4383976963753638,0.33871023276240636,45.05
10,C_ID,14,0.7203743061444224,0.4380991889126772,0.338552313140657,45.01
10,C_ID,15,0.7198838755224127,0.4379297536967304,0.3384895112082898,44.98
10,C_ID,16,0.7201111482496856,0.43781347462696296,0.3385845924555449,44.98
10,C_ID,17,0.7202602165726669,0.43838469261111634,0.33844339817613445,45.02
10,C_ID,18,0.7204571862696366,0.4378208486085066,0.33877629233511547,44.98
10,C_ID,19,0.7203672312471479,0.4371368980543268,0.3390303030303028,44.93
10,C_ID,20,0.7199324486384522,0.43753935691387513,0.3387209595959593,44.95
10,C_ID,21,0.719062883421061,0.43778465924835663,0.33828030303030265,44.94
10,C_ID,22,0.719062883421061,0.4378959848596823,0.3382333113746154,44.95
10,C_ID,23,0.7194581403380569,0.43668534066497594,0.33912950578399054,44.89
10,C_ID,24,0.7197914736713902,0.4371165691278437,0.3390499780412821,44.93
10,C_ID,25,0.7190935331679578,0.4370828730941478,0.3387993555788584,44.91
10,C_ID,26,0.7206176612138249,0.43653748814827703,0.3394965253558601,44.9
10,C_ID,27,0.7200774467562764,0.4359391654368522,0.33968703337725054,44.86
10,C_ID,28,0.7196426641475807,0.4361625484021567,0.33960048309178714,44.87
10,C_ID,29,0.7201847886897054,0.4345974509403932,0.3405131956572803,44.79
10,C_ID,30,0.719315223472314,0.43405863290073177,0.34050223161851045,44.74
10,C_ID,31,0.7188437355008261,0.433300853353276,0.34071505755226666,44.68
10,C_ID,32,0.7193700512902999,0.43224217573736995,0.3414466760629549,44.63
10,C_ID,33,0.720233405327567,0.4316684964847369,0.34204783717574394,44.61
10,C_ID,34,0.7198694722390317,0.4313292169267298,0.34210527198899265,44.58
10,C_ID,35,0.7202899727911111,0.4307856593955507,0.342451927917044,44.55
10,C_ID,36,0.7208992385284495,0.42934729234338825,0.34358067384811547,44.49
10,C_ID,37,0.7215248494766411,0.4284289638527501,0.3443101270381472,44.45
10,C_ID,38,0.7198743289445416,0.42665191901185834,0.3446812127810423,44.29
10,C_ID,39,0.7189882052643003,0.4275555771291179,0.3439868426147493,44.33
10,C_ID,40,0.7200912598215145,0.425368751962886,0.34542847505113505,44.22
10,C_ID,41,0.7215652094013464,0.42528658643874606,0.34572227890279483,44.23
10,C_ID,42,0.7223629366740737,0.4237305020618375,0.3466494906901882,44.13
10,C_ID,43,0.7201517874011384,0.42212533341118075,0.34668897935744203,43.96
10,C_ID,44,0.7211150086869402,0.4208315105629403,0.34755030214318344,43.89
10,C_ID,45,0.7195314063805118,0.4203204396558874,0.3469962141910524,43.81
10,C_ID,46,0.7191314063805119,0.419561575618329,0.3473591461635987,43.75
10,C_ID,47,0.7184583805759072,0.4180000129153442,0.3477789998335941,43.61
10,C_ID,48,0.7205760138588327,0.4170771731452137,0.34883245066838364,43.57
10,C_ID,49,0.7182941452304269,0.41449780451692037,0.3502348455924746,43.42
10,C_ID,50,0.715870254558578,0.41090894988584886,0.351052873098713,43.09
10,C_ID,51,0.7167756905449039,0.4067563799250691,0.35361016138522294,42.84
10,C_ID,52,0.7160229429123608,0.4018497259221791,0.35595434248525193,42.5
10,C_ID,53,0.7127854767172286,0.39794193773010406,0.3575379322583402,42.18
10,C_ID,54,0.7085780464139672,0.393624536862654,0.35916159268238573,41.85
10,C_ID,55,0.7086018929895198,0.3897607200909604,0.36123582948212957,41.58
10,C_ID,56,0.7060095638298999,0.38597064215338583,0.3621678963341724,41.26
10,C_ID,57,0.7047652271353345,0.3822607062007606,0.36350549590752423,40.96
10,C_ID,58,0.7095655583703337,0.37669468702712466,0.3680814199553191,40.65
10,C_ID,59,0.7096578524778278,0.3692282566617902,0.3723573440813041,40.14
10,C_ID,60,0.7096910719555553,0.3626633124532293,0.3764826559497496,39.7
10,C_ID,61,0.7097108250783636,0.35419072010184727,0.3817715825724876,39.08
10,C_ID,62,0.7091965431064158,0.34882487096904596,0.3853239225275942,38.72
10,C_ID,63,0.7086339346899796,0.34469574585054497,0.38734842541944015,38.39
10,C_ID,64,0.7072512999267967,0.33716422785525857,0.39192804918694735,37.82
10,C_ID,65,0.7073424801632805,0.32877515001542923,0.39605826529206856,37.14
10,C_ID,66,0.7056950503457097,0.3180284976068133,0.40314007607844465,36.38
10,C_ID,67,0.7026670647434204,0.30793989730289356,0.40893697225196035,35.61
10,C_ID,68,0.6987148679358015,0.29709656566775616,0.4151256020264892,34.75
10,C_ID,69,0.6974163363368646,0.28851911244170336,0.4208737632566287,34.07
10,C_ID,70,0.6902592888566303,0.27981523475151915,0.4246419052926464,33.28
10,C_ID,71,0.6850746145269607,0.267477396793579,0.4326442369199623,32.3
10,C_ID,72,0.6796413377711374,0.2589444883428271,0.43829027076605115,31.62
10,C_ID,73,0.6751154273818277,0.2453401140895328,0.4486422869119358,30.54
10,C_ID,74,0.6732545588942189,0.23207726733800224,0.46129052527444064,29.57
10,C_ID,75,0.6646264509018305,0.21855445495282289,0.47283294973652135,28.42
10,C_ID,76,0.6545078806559108,0.20818036365506626,0.4814739069198321,27.42
10,C_ID,77,0.6406656659196309,0.19885972537328606,0.48742579054442076,26.51
10,C_ID,78,0.6314534532154937,0.1871170426954823,0.49946529970025666,25.46
10,C_ID,79,0.6219240593298692,0.17686049313235125,0.5110802961891653,24.55
10,C_ID,80,0.6081798174930545,0.16761703062545114,0.5185168330752582,23.61
10,C_ID,81,0.5935802389038817,0.15562997411948853,0.5346052038304752,22.46
10,C_ID,82,0.5768319048291861,0.14369067662679083,0.5460543965133134,21.27
10,C_ID,83,0.5582807131440827,0.13556748017146839,0.5527788509238601,20.37
10,C_ID,84,0.5381906681774137,0.1287637846417046,0.5578050432462078,19.46
10,C_ID,85,0.5170113243511457,0.11904761794847393,0.5650487095396015,18.39
10,C_ID,86,0.49612737366876786,0.11020211394434248,0.577020240143608,17.35
10,C_ID,87,0.46581767141393754,0.10480967426630318,0.5775329464582667,16.37
10,C_ID,88,0.4356767477321608,0.0976887473197533,0.5713131686947982,15.31
10,C_ID,89,0.3948274496111616,0.08658666276352835,0.572218223451042,13.78
10,C_ID,90,0.3543651233062664,0.07857616121976063,0.5692912803197161,12.51
10,C_ID,91,0.31415767860770766,0.07134198833373237,0.5615956410033033,11.3
10,C_ID,92,0.28011233241724126,0.06656262294127599,0.5461525992067788,10.27
10,C_ID,93,0.2561693312823644,0.057179290212799085,0.5607843863652686,9.09
10,C_ID,94,0.22085549772234805,0.04897444405465315,0.5562636105724341,7.77
10,C_ID,95,0.18477830700866676,0.040897773211895604,0.5545732323232323,6.49
10,C_ID,96,0.14701808751948636,0.0321188299870155,0.5540614940614943,5.06
10,C_ID,97,0.11090275839478726,0.02312363749416308,0.5587936507936506,3.66
10,C_ID,98,0.07689816022612025,0.014481000590010422,0.5656666666666667,2.37
10,C_ID,99,0.0,0.0,1.0,0.0
10,C_Random_Diag,0,0.7087057126804462,0.4464148817566387,0.32959495393341326,45.17
10,C_Random_Diag,1,0.7085868102414219,0.44636762431125265,0.3294644817742639,45.15
10,C_Random_Diag,2,0.7080807126804463,0.44636861675102635,0.32947393336697167,45.16
10,C_Random_Diag,3,0.7068021948568065,0.44652784662850686,0.32890761803978685,45.13
10,C_Random_Diag,4,0.7070521948568065,0.44559707438233703,0.32946145351390504,45.08
10,C_Random_Diag,5,0.7068021948568065,0.4454731532586556,0.3293765398537139,45.06
10,C_Random_Diag,6,0.7070521948568065,0.4454762020391434,0.32948567468024004,45.07
10,C_Random_Diag,7,0.7068021948568065,0.445232628643911,0.32943154410529535,45.04
10,C_Random_Diag,8,0.7068021948568065,0.4449828334373999,0.32951366036502494,45.02
10,C_Random_Diag,9,0.7068021948568065,0.44538701877116266,0.3293327205319112,45.05
10,C_Random_Diag,10,0.7070521948568065,0.4453720214748477,0.3294872732879204,45.06
10,C_Random_Diag,11,0.7068021948568065,0.44493700852927387,0.32957992973210315,45.02
10,C_Random_Diag,12,0.7060629475449786,0.4450507023883348,0.32924483970136104,45.01
10,C_Random_Diag,13,0.7060629475449786,0.44493316734122224,0.32928700043917386,45.0
10,C_Random_Diag,14,0.7060629475449786,0.4445036484937198,0.32949231444883575,44.97
10,C_Random_Diag,15,0.7060629475449786,0.44439340605983213,0.3295849802371537,44.96
10,C_Random_Diag,16,0.7063962808783119,0.4444060460020496,0.329681532207821,44.97
10,C_Random_Diag,17,0.7063962808783119,0.444094141351823,0.3298297535516944,44.95
10,C_Random_Diag,18,0.7060514532921051,0.4440339747832852,0.3297856165292965,44.94
10,C_Random_Diag,19,0.7070091467143014,0.443889469166408,0.330030456230658,44.94
10,C_Random_Diag,20,0.7070091467143014,0.44374241034287853,0.33010775091664835,44.93
10,C_Random_Diag,21,0.7070091467143014,0.4433707326971693,0.3302377465249048,44.9
10,C_Random_Diag,22,0.7070091467143014,0.4428663434661582,0.3304959810440089,44.87
10,C_Random_Diag,23,0.7065329562381111,0.44257185194073445,0.33049093053895845,44.84
10,C_Random_Diag,24,0.7065329562381111,0.441909718234793,0.3308742991083735,44.8
10,C_Random_Diag,25,0.7065329562381111,0.441386260468534,0.33117601188834717,44.77
10,C_Random_Diag,26,0.7062697983433742,0.4407700721465073,0.331356941508104,44.72
10,C_Random_Diag,27,0.7062697983433742,0.441107961425299,0.3311720695325343,44.74
10,C_Random_Diag,28,0.7066146259295811,0.4410275868284559,0.33132076579750963,44.74
10,C_Random_Diag,29,0.706877783824318,0.4403587325192332,0.3316566831101712,44.7
10,C_Random_Diag,30,0.706877783824318,0.44026663899368634,0.33164200140944294,44.69
10,C_Random_Diag,31,0.706877783824318,0.4393078820990237,0.33218205308902954,44.63
10,C_Random_Diag,32,0.706627783824318,0.43888248709944605,0.332239018087855,44.59
10,C_Random_Diag,33,0.7051266317505852,0.43866533800956486,0.3320431558105973,44.56
10,C_Random_Diag,34,0.705702289645322,0.4383879796516597,0.33238424108191517,44.56
10,C_Random_Diag,35,0.7061152933083258,0.4370972185732074,0.3330838618745592,44.47
10,C_Random_Diag,36,0.7058606381811293,0.43671910692046956,0.3330853552132618,44.43
10,C_Random_Diag,37,0.7048918366366699,0.4361928555166053,0.333010721836303,44.37
10,C_Random_Diag,38,0.7036824889023608,0.43622496939235633,0.33260337595221295,44.34
10,C_Random_Diag,39,0.7037151686409231,0.43600636644414115,0.33270780242114895,44.32
10,C_Random_Diag,40,0.7047151686409231,0.43457355354763666,0.33332280588888624,44.21
10,C_Random_Diag,41,0.7064502295677602,0.43285372608675,0.3344356689821803,44.11
10,C_Random_Diag,42,0.7071895779386874,0.4320208363239588,0.3351362903813271,44.07
10,C_Random_Diag,43,0.7062236069768,0.4297657631155463,0.3358640578870299,43.89
10,C_Random_Diag,44,0.7050346933690876,0.4277249497753721,0.3364899151551164,43.73
10,C_Random_Diag,45,0.7066127717652462,0.4275625578609823,0.337267105255619,43.77
10,C_Random_Diag,46,0.7057588710560263,0.4252700161034241,0.33818466060000363,43.61
10,C_Random_Diag,47,0.7062718226696966,0.4237659400763314,0.33911220052399843,43.51
10,C_Random_Diag,48,0.7057455068802229,0.4208696387085903,0.340273732396676,43.28
10,C_Random_Diag,49,0.7083479120867877,0.41958928877492885,0.3411662472209833,43.2
10,C_Random_Diag,50,0.7080649666146194,0.418065406282086,0.341550773751993,43.09
10,C_Random_Diag,51,0.7088149666146194,0.4136433419643029,0.3440153494576723,42.81
10,C_Random_Diag,52,0.7094507952726435,0.4096028286808477,0.3463259353335924,42.56
10,C_Random_Diag,53,0.7084705788592908,0.4062707771785601,0.34761654848381984,42.29
10,C_Random_Diag,54,0.7106422964597435,0.40308613478292116,0.3501330178025029,42.13
10,C_Random_Diag,55,0.709665165691314,0.39888111382925295,0.35232097372574117,41.82
10,C_Random_Diag,56,0.7078596962815606,0.3957770274743846,0.3532087805057024,41.54
10,C_Random_Diag,57,0.7077701571792212,0.39077221501342707,0.3555447534379613,41.17
10,C_Random_Diag,58,0.7070949261425724,0.38821037642972456,0.35604207312548475,40.93
10,C_Random_Diag,59,0.7073263337458954,0.3816628516830307,0.3597119877145571,40.5
10,C_Random_Diag,60,0.7041339901869896,0.37640468759969486,0.3617772625212907,40.09
10,C_Random_Diag,61,0.7028537268777465,0.37077104900523195,0.3648018750333734,39.71
10,C_Random_Diag,62,0.7041299565351383,0.3616923091426568,0.37057354306919493,39.12
10,C_Random_Diag,63,0.70658102027676,0.35508611559899284,0.37529824716295634,38.71
10,C_Random_Diag,64,0.7042780925338369,0.3484283879857971,0.37856823532922923,38.16
10,C_Random_Diag,65,0.7005867250678661,0.33954523679382886,0.38350172315610137,37.48
10,C_Random_Diag,66,0.6926468377143405,0.331580015789477,0.3860604545317979,36.79
10,C_Random_Diag,67,0.6892255840280278,0.3240387972659897,0.38972864891416165,36.13
10,C_Random_Diag,68,0.6856785657303073,0.3116995800201582,0.3968587588153059,35.15
10,C_Random_Diag,69,0.6861330740922537,0.3032555559533236,0.4035135328175834,34.61
10,C_Random_Diag,70,0.684321062923106,0.2904760120690635,0.412078383707177,33.68
10,C_Random_Diag,71,0.6800344756830361,0.2802147291706842,0.4185184008350757,32.83
10,C_Random_Diag,72,0.6780151079834659,0.271433961997759,0.42521940408031844,32.17
10,C_Random_Diag,73,0.6713558572511567,0.2602843407302586,0.43345393012865097,31.29
10,C_Random_Diag,74,0.6661138346411122,0.2451895876245665,0.44589181533229305,30.15
10,C_Random_Diag,75,0.6534344054284631,0.23173209737161468,0.455988748838596,29.03
10,C_Random_Diag,76,0.6456521859518852,0.22102787471860774,0.4642771924510815,28.08
10,C_Random_Diag,77,0.6379971190235757,0.20653080952246583,0.4764814346316218,26.88
10,C_Random_Diag,78,0.6259536822748755,0.19145772725762092,0.49087669613986157,25.6
10,C_Random_Diag,79,0.6130807374204729,0.18357451263617272,0.4971305741732358,24.77
10,C_Random_Diag,80,0.6015413332104916,0.1736084106436263,0.5052155598257014,23.86
10,C_Random_Diag,81,0.5827896224151788,0.15944822313751325,0.5183643638537455,22.44
10,C_Random_Diag,82,0.5633650206376507,0.14715692333050948,0.5306286875403793,21.15
10,C_Random_Diag,83,0.5413265157647603,0.13469895386307193,0.5444124811302428,19.87
10,C_Random_Diag,84,0.5190195346199272,0.12525091305155034,0.5548516292252093,18.73
10,C_Random_Diag,85,0.4947747821342171,0.1179002074925682,0.559823839192321,17.66
10,C_Random_Diag,86,0.4636814703080963,0.11235349936895782,0.5549537647763014,16.66
10,C_Random_Diag,87,0.43667330440490554,0.10572921941590531,0.5514558998863719,15.64
10,C_Random_Diag,88,0.4039053937347849,0.09802549051085459,0.5451459799006577,14.5
10,C_Random_Diag,89,0.37947826196097945,0.09059758216295284,0.545994087086916,13.35
10,C_Random_Diag,90,0.3497614102330525,0.08241984649820415,0.5480060266530853,12.22
10,C_Random_Diag,91,0.31810800039287374,0.07560276969727686,0.5471323949528282,11.14
10,C_Random_Diag,92,0.27406318273751645,0.06841408837072654,0.5375728473882497,9.89
10,C_Random_Diag,93,0.24451632806106086,0.06195845303365438,0.5267675840241629,8.84
10,C_Random_Diag,94,0.20999350378710718,0.053476008006932155,0.5242321567321568,7.54
10,C_Random_Diag,95,0.17624049983303536,0.04626464220942611,0.5072074869574871,6.39
10,C_Random_Diag,96,0.13806965479851002,0.03889961362098873,0.4851468253968254,5.16
10,C_Random_Diag,97,0.10422345332303447,0.029757902638468413,0.48240476190476195,3.92
10,C_Random_Diag,98,0.06692685586341274,0.018229790275071087,0.49066666666666664,2.45
10,C_Random_Diag,99,0.0,0.0,1.0,0.0
10,C_Random_Full,0,0.6216698280595424,0.47045895957591577,0.2972957266933905,45.13
10,C_Random_Full,1,0.6216698280595424,0.4700548779432626,0.29751794891561273,45.11
10,C_Random_Full,2,0.6216698280595424,0.4700548779432626,0.29751794891561273,45.11
10,C_Random_Full,3,0.6216698280595424,0.4700548779432626,0.29751794891561273,45.11
10,C_Random_Full,4,0.6216698280595424,0.469604366720163,0.2977100876947081,45.08
10,C_Random_Full,5,0.6216698280595424,0.469730948998644,0.29767627126958734,45.09
10,C_Random_Full,6,0.6216698280595424,0.469604366720163,0.2977100876947081,45.08
10,C_Random_Full,7,0.6214173028070172,0.4691146006382916,0.29796189928891104,45.05
10,C_Random_Full,8,0.6214173028070172,0.4687143772578002,0.29811484409310457,45.02
10,C_Random_Full,9,0.6221315885213029,0.46828066291742865,0.29847848045674097,45.0
10,C_Random_Full,10,0.6221315885213029,0.46814367661605877,0.29853908651734706,44.99
10,C_Random_Full,11,0.6224346188243333,0.46846314923269167,0.2984870443566093,45.02
10,C_Random_Full,12,0.6224346188243333,0.46861436703311277,0.29841787439613493,45.03
10,C_Random_Full,13,0.6224346188243333,0.46844195324000926,0.2985037329819935,45.02
10,C_Random_Full,14,0.6229609346138069,0.46844195324000926,0.29867039964866016,45.03
10,C_Random_Full,15,0.6232734346138069,0.46829043808849413,0.29886473429951654,45.03
10,C_Random_Full,16,0.6232734346138069,0.46829043808849413,0.29886473429951654,45.03
10,C_Random_Full,17,0.6232734346138069,0.4679404685206305,0.29905665349143584,45.01
10,C_Random_Full,18,0.6232734346138069,0.46797830205308766,0.2990010979358802,45.01
10,C_Random_Full,19,0.6232734346138069,0.46797830205308766,0.2990010979358802,45.01
10,C_Random_Full,20,0.6232734346138069,0.4678058882599842,0.2990920070267894,45.0
10,C_Random_Full,21,0.6232734346138069,0.46797830205308766,0.2990010979358802,45.01
10,C_Random_Full,22,0.6232734346138069,0.46772189179667734,0.2990970575318398,44.99
10,C_Random_Full,23,0.6232734346138069,0.4677266401347591,0.2990782649549077,44.99
10,C_Random_Full,24,0.6235437048840771,0.467292824422243,0.29941216512955615,44.97
10,C_Random_Full,25,0.6235437048840771,0.4670859855515808,0.29950812472551575,44.96
10,C_Random_Full,26,0.6235437048840771,0.4668819178699895,0.29956873078612184,44.94
10,C_Random_Full,27,0.6235437048840771,0.46676143594227865,0.2995889328063238,44.93
10,C_Random_Full,28,0.6253578994614296,0.4663602013743774,0.30026262626262595,44.93
10,C_Random_Full,29,0.6253723294758596,0.46562199156148154,0.30045454545454525,44.87
10,C_Random_Full,30,0.6253723294758596,0.46567694823026196,0.30036868686868656,44.87
10,C_Random_Full,31,0.6263177076271201,0.4649051598733458,0.30108797275076316,44.84
10,C_Random_Full,32,0.6267938981033105,0.4645985704037763,0.30135564951843996,44.83
10,C_Random_Full,33,0.6273494536588661,0.4641819357324667,0.3016651397697907,44.81
10,C_Random_Full,34,0.6256372594776316,0.4639242254918075,0.30115257223396746,44.75
10,C_Random_Full,35,0.6256372594776316,0.46372587696849116,0.301256636128729,44.74
10,C_Random_Full,36,0.625801771816057,0.4631837482908612,0.30147216349541917,44.7
10,C_Random_Full,37,0.6263368509639953,0.4628112662682796,0.30183591731266135,44.69
10,C_Random_Full,38,0.6258052497622595,0.4624463607391498,0.30175190442632294,44.65
10,C_Random_Full,39,0.6259611951813627,0.46207012084091,0.3018690056713311,44.62
10,C_Random_Full,40,0.6262469094670771,0.4622172046922089,0.30196637471056065,44.64
10,C_Random_Full,41,0.6250829601917147,0.4610449647409308,0.3019529849994966,44.53
10,C_Random_Full,42,0.6277005728902172,0.45980848583007067,0.30307268700291945,44.48
10,C_Random_Full,43,0.6280753140910453,0.45800938837205335,0.3039951340649014,44.37
10,C_Random_Full,44,0.6294824233564149,0.45658963390751056,0.30525375012584294,44.31
10,C_Random_Full,45,0.6309040277941131,0.45612736022633404,0.3059417262324239,44.32
10,C_Random_Full,46,0.6307086459285967,0.45556886434923305,0.30587546561965157,44.25
10,C_Random_Full,47,0.6315093337973205,0.4540594679921432,0.30665493808517064,44.15
10,C_Random_Full,48,0.6316355460364738,0.45234298497439746,0.30757065305023323,44.04
10,C_Random_Full,49,0.6301810844737324,0.45065960668628846,0.3080490399497772,43.91
10,C_Random_Full,50,0.6280186848591791,0.4489913553934883,0.3084117411862731,43.78
10,C_Random_Full,51,0.6289147882476606,0.4463647796851759,0.30994428893095927,43.62
10,C_Random_Full,52,0.6329283732267502,0.44532445860702574,0.31105593779133184,43.59
10,C_Random_Full,53,0.6319987368596138,0.4429862437766235,0.31161882616310627,43.39
10,C_Random_Full,54,0.6293002241294661,0.4415193769389995,0.3118521192708657,43.27
10,C_Random_Full,55,0.6325278467035264,0.43909452027393414,0.3135825132043225,43.12
10,C_Random_Full,56,0.6298740972179379,0.43661584150466815,0.314186941253589,42.94
10,C_Random_Full,57,0.6281771827218153,0.4332518400751384,0.3150682801793349,42.66
10,C_Random_Full,58,0.6261221842448986,0.43054080618536206,0.31606303181423706,42.45
10,C_Random_Full,59,0.6285763496303087,0.42534103710353627,0.31922183156216544,42.15
10,C_Random_Full,60,0.6277245804464937,0.42202305318122185,0.3199866452016948,41.84
10,C_Random_Full,61,0.6272894340462372,0.4188296418626139,0.32096622249481277,41.55
10,C_Random_Full,62,0.6315544288326991,0.41666083426458506,0.3232700590911458,41.47
10,C_Random_Full,63,0.6296635113128755,0.41127766294160545,0.32518809960282163,41.04
10,C_Random_Full,64,0.6310303393312049,0.40449398496862543,0.3294263757336288,40.66
10,C_Random_Full,65,0.6290943489929947,0.39780375500768556,0.33214882119853906,40.16
10,C_Random_Full,66,0.6232241612914338,0.39232794095506085,0.3338099836929827,39.67
10,C_Random_Full,67,0.6182827913223011,0.38522277307155683,0.3363676196127423,39.12
10,C_Random_Full,68,0.616137697927169,0.3812687760334942,0.3378946549585893,38.79
10,C_Random_Full,69,0.6123042944969069,0.3729508932026919,0.3413092994807772,38.16
10,C_Random_Full,70,0.6066824014710194,0.36089076283566934,0.3462661793588999,37.26
10,C_Random_Full,71,0.6082170632999815,0.3547657667414186,0.35018836264499226,36.83
10,C_Random_Full,72,0.606287802269828,0.34555682871922777,0.3554171059366718,36.13
10,C_Random_Full,73,0.6004628137409856,0.3373746602531886,0.3585858786868016,35.42
10,C_Random_Full,74,0.5955742774953784,0.32874816093403736,0.36160132447207216,34.61
10,C_Random_Full,75,0.5942967369088369,0.3190031004185549,0.36750094255048876,33.9
10,C_Random_Full,76,0.5852123723113043,0.30840630768105776,0.37189428627995247,32.98
10,C_Random_Full,77,0.5810277824733465,0.2985704960238958,0.3771853655407235,32.22
10,C_Random_Full,78,0.5773151104918792,0.28638871271727806,0.38534988750086774,31.29
10,C_Random_Full,79,0.5629050761310315,0.27469066752131854,0.38875335731908073,30.14
10,C_Random_Full,80,0.5473730328910014,0.2613269681663337,0.3927779736643686,28.93
10,C_Random_Full,81,0.5309640462413778,0.24983709630635215,0.39546245525999785,27.76
10,C_Random_Full,82,0.5116617184078729,0.2344790584723477,0.4012935084193285,26.29
10,C_Random_Full,83,0.49572545797071854,0.22603092013648257,0.4026506722948763,25.39
10,C_Random_Full,84,0.47701898771811185,0.20875364665169338,0.41090219932675653,23.87
10,C_Random_Full,85,0.4569238653302291,0.19440230213531792,0.41670140072730044,22.46
10,C_Random_Full,86,0.4332518510960987,0.18100246660562033,0.41924986454242463,21.05
10,C_Random_Full,87,0.4011400353926288,0.16733511409924953,0.41853201162177345,19.46
10,C_Random_Full,88,0.37239527813041634,0.1569793958184312,0.416507517237151,18.16
10,C_Random_Full,89,0.3405406136643457,0.14295488766088135,0.4204927290803451,16.66
10,C_Random_Full,90,0.31074048762113643,0.1323199316477393,0.41752688275440336,15.34
10,C_Random_Full,91,0.2752804968271214,0.11495133723098057,0.4245238300216259,13.5
10,C_Random_Full,92,0.2404937491839225,0.09938003561276981,0.42880057975220515,11.74
10,C_Random_Full,93,0.21019980776881184,0.08258736084169742,0.4431714690538219,10.02
10,C_Random_Full,94,0.17538491082509353,0.07160662467649909,0.43097158397158397,8.49
10,C_Random_Full,95,0.1436936553375202,0.05847014642197467,0.4316286213786215,6.93
10,C_Random_Full,96,0.11760868663085323,0.04454238684628021,0.4407361111111111,5.39
10,C_Random_Full,97,0.08655577534965507,0.03216509626597417,0.44028571428571417,3.85
10,C_Random_Full,98,0.048177024501961686,0.02025327994304896,0.4025238095238095,2.31
10,C_Random_Full,99,0.0,0.0,1.0,0.0
10,C_Random_Min_Diag,0,0.7243668597684898,0.43763456201482726,0.3417208860108948,45.05
10,C_Random_Min_Diag,1,0.7243668597684898,0.43750797973634625,0.3417713910613998,45.04
10,C_Random_Min_Diag,2,0.7243668597684898,0.437494812202126,0.3417641306683855,45.04
10,C_Random_Min_Diag,3,0.7243668597684898,0.4372409969410819,0.3418473869126039,45.02
10,C_Random_Min_Diag,4,0.7238365567381867,0.4372409969410819,0.34180478700043876,45.02
10,C_Random_Min_Diag,5,0.72466989007152,0.4369548768112118,0.34211747913921786,45.01
10,C_Random_Min_Diag,6,0.72466989007152,0.4368343948835009,0.3421512955643386,45.0
10,C_Random_Min_Diag,7,0.7238365567381867,0.436695505994612,0.3420480895915674,44.98
10,C_Random_Min_Diag,8,0.72466989007152,0.436695505994612,0.3422220026350457,44.99
10,C_Random_Min_Diag,9,0.7238365567381867,0.43654165984076587,0.3421389986824765,44.97
10,C_Random_Min_Diag,10,0.7246211721228021,0.4362976122217182,0.3424925340360119,44.97
10,C_Random_Min_Diag,11,0.7246211721228021,0.4362976122217182,0.3424925340360119,44.97
10,C_Random_Min_Diag,12,0.7242640292656592,0.43605302347712943,0.3425575318401401,44.95
10,C_Random_Min_Diag,13,0.7242640292656592,0.43590150832561425,0.34265349143609974,44.94
10,C_Random_Min_Diag,14,0.7246211721228021,0.4357493502758952,0.34285265700483053,44.94
10,C_Random_Min_Diag,15,0.7246211721228021,0.4356678687944137,0.3428429951690817,44.93
10,C_Random_Min_Diag,16,0.7246211721228021,0.43577694839640374,0.34282520860781696,44.94
10,C_Random_Min_Diag,17,0.7246211721228021,0.4357338944354393,0.3428403601229684,44.94
10,C_Random_Min_Diag,18,0.7252272327288627,0.43534348497149655,0.34305467720685073,44.91
10,C_Random_Min_Diag,19,0.7243938993955293,0.4349273003018188,0.34304705706463295,44.87
10,C_Random_Min_Diag,20,0.7252272327288627,0.4349404821771895,0.34323649538866896,44.88
10,C_Random_Min_Diag,21,0.7246570572902662,0.4345192762427945,0.3433884497145363,44.85
10,C_Random_Min_Diag,22,0.7242222746815706,0.4347646245363896,0.3430904699165565,44.85
10,C_Random_Min_Diag,23,0.7246570572902662,0.43485904018375926,0.3431813790074656,44.87
10,C_Random_Min_Diag,24,0.7246570572902662,0.43395166308694905,0.3436616161616158,44.81
10,C_Random_Min_Diag,25,0.7257761049093139,0.43352570949684777,0.34424143354679204,44.81
10,C_Random_Min_Diag,26,0.7246649937982028,0.4327846666845476,0.34437843551797004,44.74
10,C_Random_Min_Diag,27,0.7255759668830888,0.4330708557981484,0.3445230872935621,44.78
10,C_Random_Min_Diag,28,0.7248646573592792,0.4327782771031306,0.34456929762743677,44.76
10,C_Random_Min_Diag,29,0.725221800216422,0.43195377164702153,0.34516713648108954,44.72
10,C_Random_Min_Diag,30,0.725327953280241,0.4316784450193121,0.34536813111260045,44.71
10,C_Random_Min_Diag,31,0.7250647953855041,0.4310467778672578,0.34555840800026816,44.66
10,C_Random_Min_Diag,32,0.7246291100646208,0.43051417795662855,0.34559866102889336,44.61
10,C_Random_Min_Diag,33,0.7248652211757318,0.43013185964533174,0.34586516326051187,44.59
10,C_Random_Min_Diag,34,0.7248652211757318,0.42934807113443235,0.346179704016913,44.53
10,C_Random_Min_Diag,35,0.7261985545090651,0.42839261239280274,0.3470413436692504,44.48
10,C_Random_Min_Diag,36,0.7261219014033489,0.42723815112030844,0.34758728276198475,44.4
10,C_Random_Min_Diag,37,0.7254347978092685,0.4260597546026723,0.3480780647001574,44.31
10,C_Random_Min_Diag,38,0.7242046390791097,0.42560043711426204,0.3481099114064229,44.27
10,C_Random_Min_Diag,39,0.7241375892706806,0.424526123504738,0.34858638937793757,44.19
10,C_Random_Min_Diag,40,0.7253263257348149,0.4223566783844594,0.34983964656695776,44.06
10,C_Random_Min_Diag,41,0.7252463838743498,0.42163835441098885,0.3502452960092974,44.01
10,C_Random_Min_Diag,42,0.7247657075458475,0.4193930337727024,0.3511492328651999,43.84
10,C_Random_Min_Diag,43,0.7247563684653876,0.41833880444225996,0.3517319387456937,43.78
10,C_Random_Min_Diag,44,0.7235807613217499,0.41710631943872234,0.3520524319853587,43.67
10,C_Random_Min_Diag,45,0.7244012741422626,0.4164169789634146,0.3525272350421765,43.64
10,C_Random_Min_Diag,46,0.7237732260162361,0.4138615866344301,0.35384124748351375,43.46
10,C_Random_Min_Diag,47,0.7245741923557582,0.4125043056630354,0.354579615947171,43.38
10,C_Random_Min_Diag,48,0.7231231484859153,0.41098133519612007,0.3550274008621995,43.23
10,C_Random_Min_Diag,49,0.7220554740921541,0.4101382324560329,0.3553248291569336,43.18
10,C_Random_Min_Diag,50,0.723546004681027,0.4087185909194263,0.35621962140995933,43.08
10,C_Random_Min_Diag,51,0.7218118547729641,0.40645094876691906,0.3568159826245474,42.88
10,C_Random_Min_Diag,52,0.7222542567337483,0.4042888762001109,0.35776916061253444,42.72
10,C_Random_Min_Diag,53,0.7196317707397826,0.40205611839063665,0.35817174452161155,42.52
10,C_Random_Min_Diag,54,0.7187753710402034,0.39831099613451054,0.3599691200258097,42.25
10,C_Random_Min_Diag,55,0.7201345810990469,0.39394899269982686,0.36293053293319355,41.97
10,C_Random_Min_Diag,56,0.7203388233775925,0.3890554798297312,0.3657114104272954,41.64
10,C_Random_Min_Diag,57,0.722362632901402,0.38732230226364606,0.36667320670251663,41.52
10,C_Random_Min_Diag,58,0.7197409898941279,0.38194256903826473,0.3690108246850191,41.13
10,C_Random_Min_Diag,59,0.7184133657490597,0.37817078616001815,0.37066486536371146,40.83
10,C_Random_Min_Diag,60,0.7152067001324436,0.3726984886757858,0.37267672662700574,40.36
10,C_Random_Min_Diag,61,0.7115513187491213,0.3672173080215051,0.37545888246184744,39.95
10,C_Random_Min_Diag,62,0.7093308908987269,0.36040901150042026,0.3790880581373068,39.41
10,C_Random_Min_Diag,63,0.7140029954462068,0.3520522265824561,0.38471331242711104,38.89
10,C_Random_Min_Diag,64,0.7124418927277091,0.3428318280520174,0.39033735964750343,38.23
10,C_Random_Min_Diag,65,0.7111231796123287,0.3329428778013772,0.39636600122565596,37.5
10,C_Random_Min_Diag,66,0.7106781492978278,0.3248010232678816,0.4020074591610866,36.91
10,C_Random_Min_Diag,67,0.706962549534889,0.31320316881130483,0.40854456577540277,36.03
10,C_Random_Min_Diag,68,0.7010099779211232,0.30369749789954587,0.4133621173417202,35.21
10,C_Random_Min_Diag,69,0.6959471311423,0.2937879214574313,0.4191591603379888,34.4
10,C_Random_Min_Diag,70,0.6897315578899544,0.2833157643070102,0.4253571090710741,33.52
10,C_Random_Min_Diag,71,0.6834478721728522,0.2717583092937466,0.43308125311110174,32.61
10,C_Random_Min_Diag,72,0.6776453744090775,0.2601909763329047,0.441535010965831,31.69
10,C_Random_Min_Diag,73,0.6715977454595706,0.25093676552331323,0.4461289900768992,30.89
10,C_Random_Min_Diag,74,0.6616299004874052,0.23723135593577324,0.45599198199577506,29.69
10,C_Random_Min_Diag,75,0.6550973426769953,0.22465017719228805,0.46790348808433385,28.7
10,C_Random_Min_Diag,76,0.6474456221651521,0.21190260903937275,0.4800146279348325,27.65
10,C_Random_Min_Diag,77,0.637350037725103,0.20107928312463524,0.4893450898117602,26.65
10,C_Random_Min_Diag,78,0.6249261692209981,0.18898574657292833,0.5012161169145288,25.55
10,C_Random_Min_Diag,79,0.6105608332053556,0.17754262035885113,0.511825026809333,24.36
10,C_Random_Min_Diag,80,0.5953866096229816,0.1662137325548693,0.5226916215751917,23.26
10,C_Random_Min_Diag,81,0.579627113643318,0.15389053702338584,0.5375571763860308,22.11
10,C_Random_Min_Diag,82,0.5592917237436711,0.1457753568574375,0.5408706269630633,21.23
10,C_Random_Min_Diag,83,0.5411833217553581,0.13615949177744827,0.5507163917181518,20.17
10,C_Random_Min_Diag,84,0.514892557889216,0.12796644111072986,0.5521954330301457,19.14
10,C_Random_Min_Diag,85,0.49582404628389787,0.12013035055099693,0.557761752149774,18.2
10,C_Random_Min_Diag,86,0.45994152788852355,0.11007804328075556,0.5599010431120506,16.8
10,C_Random_Min_Diag,87,0.4264471167080498,0.1035000340081401,0.5544788247864367,15.77
10,C_Random_Min_Diag,88,0.39994627456211096,0.09419256083746033,0.5663481792612498,14.66
10,C_Random_Min_Diag,89,0.3706601437747618,0.0857966230098459,0.5660299114893272,13.44
10,C_Random_Min_Diag,90,0.3407833052992067,0.07930108240203927,0.5646876522936388,12.44
10,C_Random_Min_Diag,91,0.30216195610315955,0.07186672293333737,0.557086925419221,11.11
10,C_Random_Min_Diag,92,0.2707095487668377,0.06351825732182081,0.5605507433742728,9.88
10,C_Random_Min_Diag,93,0.24223225362341266,0.054840464862273314,0.5657667055167054,8.72
10,C_Random_Min_Diag,94,0.2121923575960963,0.04569156333990831,0.5700064102564102,7.52
10,C_Random_Min_Diag,95,0.17688961208747864,0.03819201601613649,0.5749830724830722,6.2
10,C_Random_Min_Diag,96,0.1412178915265298,0.028648911611529174,0.5920396825396825,4.79
10,C_Random_Min_Diag,97,0.10316584613749491,0.02116259670973607,0.5723809523809522,3.52
10,C_Random_Min_Diag,98,0.06948036050695026,0.013477142351967808,0.5636666666666666,2.19
10,C_Random_Min_Diag,99,0.0,0.0,1.0,0.0
15,C_ID,0,0.7566876749346949,0.45523515316589785,0.24056651119408998,105.25
15,C_ID,1,0.7566876749346949,0.45529246923097333,0.24056042956124518,105.26
15,C_ID,2,0.7563751749346949,0.4548960693466691,0.2406375866095932,105.18
15,C_ID,3,0.7563751749346949,0.45505145306967704,0.2405914092520069,105.21
15,C_ID,4,0.7563751749346949,0.45479592991535484,0.24065318130149538,105.16
15,C_ID,5,0.7563751749346949,0.4548403252069187,0.2406515302131594,105.17
15,C_ID,6,0.7563751749346949,0.4546893832744707,0.2406861732430855,105.14
15,C_ID,7,0.7563751749346949,0.45451863541708365,0.2407444660934785,105.11
15,C_ID,8,0.7563939702169067,0.4542199393485614,0.2408826839237644,105.06
15,C_ID,9,0.75597730355024,0.45392104083181783,0.24089744925634665,104.99
15,C_ID,10,0.75558137594843,0.45398263053429067,0.24082459537395387,105.0
15,C_ID,11,0.7551870307103347,0.45385392753874165,0.24078102601973433,104.96
15,C_ID,12,0.7551870307103347,0.45381540745071364,0.2407758384932654,104.95
15,C_ID,13,0.7554044220146827,0.4537470806916536,0.24087368511144538,104.95
15,C_ID,14,0.7554044220146827,0.4537174665863953,0.24092913006339156,104.95
15,C_ID,15,0.7554044220146827,0.4531483347867744,0.2411480757235811,104.85
15,C_ID,16,0.7554044220146827,0.45335842517892444,0.2410861805609618,104.89
15,C_ID,17,0.7557884953057327,0.45308386789288285,0.2413123088016531,104.86
15,C_ID,18,0.7555998160604496,0.4527278700152667,0.24140397742368028,104.79
15,C_ID,19,0.7560564844569209,0.45246845642453976,0.2416946697833579,104.77
15,C_ID,20,0.7560564844569209,0.45259697831285206,0.2416242490345158,104.79
15,C_ID,21,0.7560528560098961,0.4519003818323676,0.24190417536947273,104.67
15,C_ID,22,0.756479623686664,0.45117841888587207,0.24229851548131695,104.56
15,C_ID,23,0.7558764145268511,0.4510053249500197,0.242170218830319,104.5
15,C_ID,24,0.7558181267308584,0.4512649565241786,0.24202744269130083,104.54
15,C_ID,25,0.7555678140354236,0.4506266200266244,0.2422401906668356,104.42
15,C_ID,26,0.7555301019046883,0.45031654029514845,0.2423025555551738,104.36
15,C_ID,27,0.7560225943971808,0.45002045850403355,0.24257676045744844,104.33
15,C_ID,28,0.7576007305978976,0.4496764695101574,0.24301143838914738,104.31
15,C_ID,29,0.7583861396333066,0.4489739903063467,0.24358825542419807,104.23
15,C_ID,30,0.7583220370692041,0.44890015545711653,0.24360346724990375,104.21
15,C_ID,31,0.7579461237813679,0.4484637275984463,0.24375436629111363,104.13
15,C_ID,32,0.7580031817743399,0.44764966462989375,0.24412483400430132,103.99
15,C_ID,33,0.7585734592121205,0.44658093141215083,0.24464316782130183,103.82
15,C_ID,34,0.7586788051240702,0.4461100813831746,0.24493225504841082,103.75
15,C_ID,35,0.7582566706513293,0.4451136464930153,0.24534096390894297,103.58
15,C_ID,36,0.7584707019185127,0.4441429195092966,0.24579907863485068,103.42
15,C_ID,37,0.7599835996860594,0.4428560565132149,0.24650739588717702,103.22
15,C_ID,38,0.7599867878154412,0.4421953423574354,0.24677339378092092,103.11
15,C_ID,39,0.7596095411230389,0.4406476256848805,0.24738483983394988,102.84
15,C_ID,40,0.7592827364913561,0.439553934342121,0.24767520072299207,102.62
15,C_ID,41,0.7591237621323818,0.4379747368512607,0.24829131360946766,102.34
15,C_ID,42,0.757585611663743,0.43687772259445845,0.248408165236842,102.11
15,C_ID,43,0.7581148741522743,0.4353958902795243,0.24920062700158677,101.87
15,C_ID,44,0.7580659447529721,0.4333461405070214,0.25003612945873377,101.51
15,C_ID,45,0.75848333605732,0.4308277064449338,0.251288021264021,101.1
15,C_ID,46,0.7585860638995418,0.42877918037975205,0.2521878360707359,100.74
15,C_ID,47,0.7586121849247514,0.4263764674029515,0.2532099235087687,100.32
15,C_ID,48,0.7579844423777244,0.42456882365990156,0.2538273276269613,99.98
15,C_ID,49,0.7568317553090096,0.4222784388468521,0.25450138793434846,99.54
15,C_ID,50,0.7571565707836214,0.4183470788275369,0.2562761019184301,98.84
15,C_ID,51,0.7563992292622852,0.4148908683984398,0.25763154871509103,98.21
15,C_ID,52,0.7545220570536019,0.4116795200114832,0.25857921786702187,97.56
15,C_ID,53,0.7551434908979696,0.4083990295288794,0.26027739573707775,97.01
15,C_ID,54,0.7541885361656274,0.40443020230305055,0.2617338496862514,96.26
15,C_ID,55,0.752610813998727,0.39960533969990136,0.2638953454677153,95.43
15,C_ID,56,0.75235370955027,0.3954631382305704,0.26561499447894077,94.66
15,C_ID,57,0.753573678011268,0.3896466407911525,0.26861160726950145,93.66
15,C_ID,58,0.7539047933892827,0.38347507510526113,0.27131997263840435,92.53
15,C_ID,59,0.7519947762093642,0.37652490391198684,0.2741701830224019,91.19
15,C_ID,60,0.7510537600383619,0.37013959342949904,0.2771809067801732,90.03
15,C_ID,61,0.7487978090039639,0.3651531172844969,0.2793907327329294,89.11
15,C_ID,62,0.7451625553522124,0.3549319097671392,0.28331493923133555,87.13
15,C_ID,63,0.7405399839251704,0.3454319972803229,0.28709390539712826,85.27
15,C_ID,64,0.7369513377594905,0.33687104085376235,0.29136661616444015,83.69
15,C_ID,65,0.7340733270685245,0.32628115682718495,0.2967624005205426,81.71
15,C_ID,66,0.729841745449589,0.3171929171041282,0.3012514073723026,79.94
15,C_ID,67,0.7263975412124062,0.30516552499312555,0.30792724321478315,77.66
15,C_ID,68,0.7249665881571944,0.29243728560757803,0.31622446855985736,75.34
15,C_ID,69,0.7230668169417132,0.2798570190187949,0.3246166439940066,72.98
15,C_ID,70,0.7180840032393576,0.2674171807049205,0.33261515978725653,70.62
15,C_ID,71,0.7131151206690974,0.25387885779681435,0.3421546853396148,68.0
15,C_ID,72,0.7034539303759771,0.24031742000426232,0.3509952264395089,65.32
15,C_ID,73,0.6922034349380365,0.22493303465122963,0.36167860337876734,62.17
15,C_ID,74,0.6818539604343609,0.21134796504379744,0.37221926003788347,59.41
15,C_ID,75,0.6723007575196948,0.196583818689612,0.38502597509026487,56.46
15,C_ID,76,0.6658445678738226,0.18179278041569447,0.4002215447186063,53.61
15,C_ID,77,0.6582878285222129,0.16818871921074666,0.4152565584214768,50.93
15,C_ID,78,0.6478524194875734,0.15607218587578553,0.42814909378826227,48.34
15,C_ID,79,0.6332541958973059,0.14455885728042214,0.4408154419409127,45.73
15,C_ID,80,0.6180427111083138,0.1323416685593469,0.4556864561670604,42.96
15,C_ID,81,0.6000857221799599,0.12218445106618042,0.46719880707206607,40.57
15,C_ID,82,0.5750316656421504,0.11190229895906655,0.4787016748409908,37.85
15,C_ID,83,0.5576617319968388,0.10158787663567066,0.49570297142308783,35.38
15,C_ID,84,0.53773940687171,0.09374847138384851,0.5065185650878271,33.32
15,C_ID,85,0.5104334574919878,0.08616174745702347,0.51296596553186,31.03
15,C_ID,86,0.47866433287141164,0.07976521445821719,0.5180690944693295,28.81
15,C_ID,87,0.4433464239469857,0.0723954727033053,0.5210558277559896,26.36
15,C_ID,88,0.4113345946771711,0.06723656063260162,0.5199766337821266,24.46
15,C_ID,89,0.37561569955541446,0.061299188377163215,0.5192093505197356,22.33
15,C_ID,90,0.33512134397378746,0.055457370612418205,0.5112959612539321,20.07
15,C_ID,91,0.2887755814373499,0.04868151324112916,0.5071000757779337,17.5
15,C_ID,92,0.24955115741286776,0.04314720675615901,0.500750428777835,15.36
15,C_ID,93,0.2162623527621622,0.03790035153532348,0.49103667785951416,13.29
15,C_ID,94,0.17975696520314804,0.030810202814539958,0.4934480975680667,10.95
15,C_ID,95,0.14730356675943937,0.024327217410248708,0.49985805289481766,8.69
15,C_ID,96,0.1179934607064631,0.018791420520984738,0.49584595959595956,6.73
15,C_ID,97,0.08674082545026293,0.013316805459518619,0.4955666555666555,4.71
15,C_ID,98,0.051082901552446366,0.00706206362278811,0.5256309523809524,2.57
15,C_ID,99,0.0,0.0,1.0,0.0
15,C_Random_Diag,0,0.7477649675524033,0.4567697257140309,0.23866163598306883,105.22
15,C_Random_Diag,1,0.7471720188344545,0.456490852087023,0.2386267747941784,105.15
15,C_Random_Diag,2,0.7474073804877266,0.45648444830297663,0.23863359339665915,105.15
15,C_Random_Diag,3,0.7473739555793018,0.4564252266954455,0.23869180854086494,105.15
15,C_Random_Diag,4,0.7474750008754689,0.45600910495701535,0.2388629021712691,105.08
15,C_Random_Diag,5,0.7480482955053673,0.4563448740171867,0.23887837907763823,105.16
15,C_Random_Diag,6,0.7484649621720341,0.4561383231311405,0.23902757829662236,105.13
15,C_Random_Diag,7,0.7480482955053673,0.45606527458204277,0.23898612538411498,105.11
15,C_Random_Diag,8,0.7481139769503591,0.45617078507251596,0.23898204770079196,105.13
15,C_Random_Diag,9,0.7481139769503591,0.45576089263584696,0.23912090770277136,105.06
15,C_Random_Diag,10,0.7480193282426781,0.45559155698009973,0.23918915919859296,105.03
15,C_Random_Diag,11,0.7484450488635207,0.45576758991346206,0.23924400429765427,105.08
15,C_Random_Diag,12,0.7484450488635207,0.45552942171865857,0.2393516341414418,105.04
15,C_Random_Diag,13,0.7481886386071105,0.455757545901704,0.23918648845130047,105.07
15,C_Random_Diag,14,0.7481886386071105,0.4556710328657567,0.2391974133595843,105.05
15,C_Random_Diag,15,0.7478401075137124,0.45538562105526686,0.2391907228104409,104.98
15,C_Random_Diag,16,0.7478401075137124,0.4550969610191985,0.23930775125245612,104.93
15,C_Random_Diag,17,0.747288718443672,0.4551727177870806,0.23915343971260788,104.93
15,C_Random_Diag,18,0.7475619249120004,0.45533900140885986,0.23919455831980152,104.97
15,C_Random_Diag,19,0.747318022472976,0.4551114781604877,0.23922026241830138,104.92
15,C_Random_Diag,20,0.7461641763191298,0.454669898172131,0.239186005615345,104.82
15,C_Random_Diag,21,0.7460288114766754,0.4545519281803809,0.23918611314352553,104.79
15,C_Random_Diag,22,0.7463955431057022,0.4541866555826603,0.23939169853222075,104.73
15,C_Random_Diag,23,0.746424954870408,0.4540365077403483,0.23943404040799238,104.7
15,C_Random_Diag,24,0.746861891807345,0.4538088686101178,0.2396434415582251,104.68
15,C_Random_Diag,25,0.7468964540193267,0.4533199296649297,0.23984875007180875,104.6
15,C_Random_Diag,26,0.7470427526132057,0.45301093203934195,0.24004276535224345,104.56
15,C_Random_Diag,27,0.7474441978159356,0.45228979345321035,0.24044381486848837,104.46
15,C_Random_Diag,28,0.7468993949485521,0.4522687988868563,0.2403397586237013,104.44
15,C_Random_Diag,29,0.746273516404763,0.4515999968858307,0.2405607725631084,104.32
15,C_Random_Diag,30,0.7467713490086889,0.4511305936973679,0.2408425860141782,104.25
15,C_Random_Diag,31,0.7464060050503215,0.4506655453725703,0.2409467546420476,104.16
15,C_Random_Diag,32,0.7471752358195524,0.44975708004464976,0.24148213352724515,104.02
15,C_Random_Diag,33,0.7469170805730575,0.4494422028834441,0.24151022009388703,103.95
15,C_Random_Diag,34,0.7475192368383591,0.44825905010545186,0.24209924797280158,103.76
15,C_Random_Diag,35,0.7480792842216059,0.44781671657809907,0.2423791180609096,103.7
15,C_Random_Diag,36,0.7479009644541182,0.4468302606392676,0.24277297645496249,103.53
15,C_Random_Diag,37,0.7489070256985733,0.44585382034158216,0.24341458915183217,103.39
15,C_Random_Diag,38,0.7468471589306708,0.4449114931391939,0.24336278867837577,103.16
15,C_Random_Diag,39,0.7471767745422193,0.44422794507446456,0.24380230817682647,103.07
15,C_Random_Diag,40,0.7472857880148283,0.44296642286906207,0.24436815222165958,102.87
15,C_Random_Diag,41,0.7476492197250556,0.44125130328540185,0.24497022600190962,102.55
15,C_Random_Diag,42,0.7471980644382916,0.44006450248136686,0.24530159036354596,102.32
15,C_Random_Diag,43,0.7462859736771145,0.43738901408185993,0.24631045466495113,101.84
15,C_Random_Diag,44,0.7465336697188715,0.4357615850913616,0.24699944195653262,101.57
15,C_Random_Diag,45,0.7469345206454634,0.43366735697436565,0.24791201235145735,101.22
15,C_Random_Diag,46,0.7474474564442767,0.4315851714927144,0.24879900932308074,100.86
15,C_Random_Diag,47,0.7488642697987394,0.429339076347974,0.24986091344294686,100.47
15,C_Random_Diag,48,0.7517645181210688,0.42603776297677404,0.2518967398242337,99.97
15,C_Random_Diag,49,0.7514742234029015,0.42304328999531826,0.252861725462728,99.4
15,C_Random_Diag,50,0.751198226803369,0.4216348956322168,0.25328628075673554,99.12
15,C_Random_Diag,51,0.7512869798200762,0.41800112798222977,0.25479374444493763,98.47
15,C_Random_Diag,52,0.7501586986450213,0.4149681254828873,0.25562845132848955,97.87
15,C_Random_Diag,53,0.7498932607493509,0.41094082075626465,0.25717244890369356,97.14
15,C_Random_Diag,54,0.7481040444235467,0.4058121453821506,0.25892944106988175,96.16
15,C_Random_Diag,55,0.7499917698495341,0.4012684323750919,0.26099681464394586,95.37
15,C_Random_Diag,56,0.7481009631393729,0.39683942159616875,0.26253543689823056,94.51
15,C_Random_Diag,57,0.7469237125073093,0.39099312372357226,0.26468137456477936,93.39
15,C_Random_Diag,58,0.7453397043065272,0.38479342374180897,0.26722328621787494,92.26
15,C_Random_Diag,59,0.746941395083181,0.3766128135899496,0.2716371381115616,90.85
15,C_Random_Diag,60,0.7442917673323511,0.3687573464927001,0.2746248121659541,89.32
15,C_Random_Diag,61,0.742984105177525,0.3601201369511278,0.27862587510638975,87.74
15,C_Random_Diag,62,0.7397630687216319,0.35242639221757244,0.28168871696767595,86.27
15,C_Random_Diag,63,0.7386155852591513,0.34300125939718806,0.28634369577558627,84.53
15,C_Random_Diag,64,0.7344966904607203,0.3333804149447472,0.2906777218124183,82.69
15,C_Random_Diag,65,0.7283065585391659,0.3228919257218631,0.2953169151319866,80.64
15,C_Random_Diag,66,0.7259762907644449,0.3114598350301614,0.3017037358379763,78.52
15,C_Random_Diag,67,0.7233542881670958,0.29942303696673284,0.30868930541535844,76.27
15,C_Random_Diag,68,0.7203416235368627,0.28559897660969924,0.3177995166364439,73.71
15,C_Random_Diag,69,0.7138809085394113,0.272051448513965,0.3262584249631445,71.17
15,C_Random_Diag,70,0.7119460178960432,0.2568826300693165,0.33769439716611366,68.37
15,C_Random_Diag,71,0.7050325091298509,0.2448698953687175,0.34540247216378894,65.98
15,C_Random_Diag,72,0.6991913000454006,0.233437956005017,0.3534210509105161,63.72
15,C_Random_Diag,73,0.6919580115493847,0.22014640059447083,0.3638927348813285,61.07
15,C_Random_Diag,74,0.6821513624056244,0.20555848949966374,0.3756639775718028,58.18
15,C_Random_Diag,75,0.6721585989073519,0.19207533168462906,0.38725998605470563,55.42
15,C_Random_Diag,76,0.6578319435306494,0.17890194326082134,0.3988789248430363,52.59
15,C_Random_Diag,77,0.6448833594878913,0.1668534088252363,0.41009010223669945,49.95
15,C_Random_Diag,78,0.6308104076286493,0.15328187326219703,0.4256368677335051,47.0
15,C_Random_Diag,79,0.6153407834551776,0.14130989465156824,0.44022210370345527,44.33
15,C_Random_Diag,80,0.5961404382820886,0.1309145743470583,0.4513182768042138,41.88
15,C_Random_Diag,81,0.5755419614358835,0.12011357350019022,0.46351346644416536,39.35
15,C_Random_Diag,82,0.5528669829807491,0.10942403135812549,0.4769709343187952,36.79
15,C_Random_Diag,83,0.5275047016525056,0.10125197746526203,0.4832732052210361,34.45
15,C_Random_Diag,84,0.49966891921239687,0.09290829662464922,0.4928335201135045,32.03
15,C_Random_Diag,85,0.475232349972523,0.08540688538134976,0.5018954644667286,29.9
15,C_Random_Diag,86,0.4457799971163999,0.07854345723584182,0.5064725784024594,27.79
15,C_Random_Diag,87,0.41235059217258174,0.07162113604731553,0.5082568057125554,25.56
15,C_Random_Diag,88,0.36488641980421394,0.06520692057259807,0.498638497815549,22.84
15,C_Random_Diag,89,0.3309525039743598,0.05830907036545951,0.49993453743898236,20.54
15,C_Random_Diag,90,0.29272927359012807,0.05137518369474933,0.4994080496309223,18.17
15,C_Random_Diag,91,0.25876189391522936,0.0461425093911342,0.4969816155101969,16.17
15,C_Random_Diag,92,0.2275578934660931,0.040373977785438005,0.49654427639741194,14.14
15,C_Random_Diag,93,0.19604292358557499,0.03434686640688052,0.4956861958467489,12.06
15,C_Random_Diag,94,0.16542432910963917,0.02887901670932207,0.48718815906315915,10.19
15,C_Random_Diag,95,0.13309908202904266,0.023792423304025742,0.48537444173473593,8.25
15,C_Random_Diag,96,0.10854986150681847,0.01844509380696419,0.49655269292111404,6.49
15,C_Random_Diag,97,0.07446729634763535,0.012111199528751424,0.5075,4.36
15,C_Random_Diag,98,0.037755853524914056,0.008030485928084717,0.45733333333333326,2.55
15,C_Random_Diag,99,0.0,0.0,1.0,0.0
15,C_Random_Full,0,0.692259991461803,0.4708367382565537,0.2150225831040501,105.34
15,C_Random_Full,1,0.6920904999363793,0.47088068675680766,0.21495835490880438,105.34
15,C_Random_Full,2,0.6917751429769545,0.47103026876220505,0.21478892491698334,105.35
15,C_Random_Full,3,0.691787469633349,0.4708555839896417,0.21485858278884187,105.32
15,C_Random_Full,4,0.6919173397632191,0.47040830986023424,0.215007939468396,105.24
15,C_Random_Full,5,0.6916900670359465,0.47034189072414306,0.21497174607265404,105.22
15,C_Random_Full,6,0.6911055375303643,0.47024993621837013,0.21478184733329314,105.17
15,C_Random_Full,7,0.6914627943086736,0.47014056187557984,0.21494139646282112,105.17
15,C_Random_Full,8,0.6914627943086736,0.47006350201237035,0.21499803769967746,105.16
15,C_Random_Full,9,0.6914627943086736,0.47012948932942905,0.2149619369932364,105.17
15,C_Random_Full,10,0.6905666904125698,0.4699905527837395,0.21482259606906923,105.12
15,C_Random_Full,11,0.690748508594388,0.46946627105110955,0.21508531538747291,105.04
15,C_Random_Full,12,0.691061008594388,0.4695686402980558,0.21514738632319286,105.07
15,C_Random_Full,13,0.6906940052273847,0.4693922028144286,0.2150767751615925,105.02
15,C_Random_Full,14,0.6906940052273847,0.46867328639384526,0.21532364019628158,104.89
15,C_Random_Full,15,0.6908791904125698,0.46887775710676843,0.21533212611170627,104.94
15,C_Random_Full,16,0.6915934761268555,0.4692423936196915,0.21527593701778133,105.01
15,C_Random_Full,17,0.6910082909416704,0.4688914837875102,0.21526051477984054,104.93
15,C_Random_Full,18,0.6906165771940245,0.468816209703203,0.21517280650899426,104.9
15,C_Random_Full,19,0.6908797350887613,0.4689623992560866,0.2151504077683321,104.93
15,C_Random_Full,20,0.6915047350887613,0.4687750580124826,0.2153150401226054,104.91
15,C_Random_Full,21,0.6921297350887614,0.46855811753207804,0.21548208624129103,104.88
15,C_Random_Full,22,0.6919021235763201,0.46835903027910875,0.21562303505250915,104.86
15,C_Random_Full,23,0.692133027759856,0.46818203665572594,0.21579563237641622,104.85
15,C_Random_Full,24,0.6919960351228633,0.4672832397391444,0.21608366229239995,104.69
15,C_Random_Full,25,0.6924088318204897,0.4672581899422738,0.2161501310191948,104.69
15,C_Random_Full,26,0.69332963208504,0.46729509774847844,0.21636153897071092,104.73
15,C_Random_Full,27,0.6931177457801304,0.46677457146017587,0.21642882566844077,104.62
15,C_Random_Full,28,0.6925228615982897,0.46603655751787587,0.2165241710758449,104.47
15,C_Random_Full,29,0.6928289277973793,0.46564061398382756,0.21672303755298095,104.41
15,C_Random_Full,30,0.6936981670770157,0.46578796675233874,0.21693203855758142,104.47
15,C_Random_Full,31,0.6944197787986275,0.4656644470097373,0.21706814678017966,104.46
15,C_Random_Full,32,0.6947556096344583,0.4642740560965109,0.21767971415601328,104.23
15,C_Random_Full,33,0.6960811858159669,0.463298904067624,0.21823977113823365,104.09
15,C_Random_Full,34,0.6948304283841634,0.4634805256991185,0.2179170194087143,104.09
15,C_Random_Full,35,0.6967683319116671,0.46232562372278524,0.2187609149953283,103.94
15,C_Random_Full,36,0.6962109915911686,0.4626185005141835,0.21863741967819883,103.99
15,C_Random_Full,37,0.6948765394021129,0.46191416358622306,0.21848187277040373,103.81
15,C_Random_Full,38,0.6956109603867788,0.4616248725254475,0.21889608987806475,103.8
15,C_Random_Full,39,0.6952788006877461,0.46136150043913304,0.2188528611934974,103.73
15,C_Random_Full,40,0.6958441854960121,0.46055440875457504,0.21928174680078727,103.6
15,C_Random_Full,41,0.6947394585776279,0.4597379857961771,0.21935326398492044,103.43
15,C_Random_Full,42,0.6957910505853079,0.4590900968420451,0.2198038783956815,103.35
15,C_Random_Full,43,0.6977562019147183,0.45790794821390085,0.22070912741296755,103.21
15,C_Random_Full,44,0.6973777104543853,0.4565071415489056,0.22121428843603275,102.96
15,C_Random_Full,45,0.6983848908925192,0.4560763355309463,0.22150056071295549,102.89
15,C_Random_Full,46,0.697446627020075,0.45439510295771385,0.2219709572924234,102.57
15,C_Random_Full,47,0.6975119932855174,0.45337628220787196,0.2222928170099495,102.39
15,C_Random_Full,48,0.6953317602952959,0.4505337151752413,0.2228609801002539,101.82
15,C_Random_Full,49,0.696244667516027,0.4487907652089013,0.22358931859662526,101.52
15,C_Random_Full,50,0.695269478563421,0.44786165810495115,0.2235064712348178,101.3
15,C_Random_Full,51,0.6923489253698759,0.4455377408279741,0.22335740873103457,100.73
15,C_Random_Full,52,0.695181813430175,0.442484224835673,0.22538291059093007,100.31
15,C_Random_Full,53,0.6946285995325439,0.44065673369954306,0.2257612619861196,99.95
15,C_Random_Full,54,0.693875415582885,0.4393076439468273,0.22631138697701164,99.73
15,C_Random_Full,55,0.693729309105516,0.43552533832763074,0.2279142363849972,99.09
15,C_Random_Full,56,0.6942800347955697,0.4329290852578762,0.22895628813725633,98.63
15,C_Random_Full,57,0.6902875767811438,0.4289718467632031,0.22964167058455012,97.83
15,C_Random_Full,58,0.6926111160081908,0.4240997263582919,0.23189096196147854,97.0
15,C_Random_Full,59,0.6936302413081765,0.4176378488715794,0.23485667345299557,95.9
15,C_Random_Full,60,0.6937820102083869,0.41130675672011974,0.23722718319665922,94.75
15,C_Random_Full,61,0.693639951312925,0.4057458112668996,0.23980240791782112,93.79
15,C_Random_Full,62,0.692454208117407,0.40121500721759723,0.24161698649361454,92.97
15,C_Random_Full,63,0.690912254873512,0.39379304275050303,0.24429134863570978,91.59
15,C_Random_Full,64,0.6903160728620579,0.38660191043761377,0.24714797728590696,90.23
15,C_Random_Full,65,0.6888738592062541,0.37920217879321116,0.25014851102292607,88.84
15,C_Random_Full,66,0.6890372101021144,0.3716396653812932,0.25397556621318446,87.54
15,C_Random_Full,67,0.6877263322919933,0.36249730861045626,0.25817203617509354,85.87
15,C_Random_Full,68,0.6866210526038613,0.35206357418846723,0.26326453270118005,84.0
15,C_Random_Full,69,0.6815950833275553,0.34123856000596736,0.2679718123031694,81.97
15,C_Random_Full,70,0.6775429057348349,0.32964172901967426,0.2730796599357098,79.74
15,C_Random_Full,71,0.676815525932357,0.32057889976555165,0.278198121420788,78.09
15,C_Random_Full,72,0.6651654250560542,0.3079484960930763,0.28250776928367016,75.49
15,C_Random_Full,73,0.6608912604363065,0.296383271570953,0.2887451938798063,73.32
15,C_Random_Full,74,0.6524223311822581,0.28388403912519267,0.29504769676739573,70.92
15,C_Random_Full,75,0.6426575943785412,0.2711006091257589,0.30115009194292414,68.37
15,C_Random_Full,76,0.6318139924688724,0.2570779962492232,0.30812994003364025,65.49
15,C_Random_Full,77,0.6199160270108075,0.24451245867081528,0.3148072097457988,62.98
15,C_Random_Full,78,0.6076446579616521,0.2321498222363881,0.3211910493125014,60.4
15,C_Random_Full,79,0.5889092089645129,0.21744391709874036,0.3283954633458332,57.12
15,C_Random_Full,80,0.5671836878739667,0.20665552279506913,0.33069263876066934,54.47
15,C_Random_Full,81,0.5474432215026672,0.1934099186381074,0.3370185188347463,51.5
15,C_Random_Full,82,0.5272249289799283,0.18151889106820637,0.342554988583111,48.74
15,C_Random_Full,83,0.5114541716326199,0.1704390822998854,0.3493153796514925,46.22
15,C_Random_Full,84,0.49232475428825895,0.15701771191566094,0.35806811768741503,43.12
15,C_Random_Full,85,0.4690480190951083,0.14467835146377322,0.3648384879698554,40.22
15,C_Random_Full,86,0.43155094551067513,0.1333242094113028,0.36498490827648594,37.01
15,C_Random_Full,87,0.406088409980011,0.12210153950019098,0.37261267788371344,34.27
15,C_Random_Full,88,0.3686184031170518,0.10952216537378642,0.3736586594739604,30.88
15,C_Random_Full,89,0.3387309484473409,0.09717640122708099,0.38102680328704625,27.7
15,C_Random_Full,90,0.29853187648093166,0.08571223187711212,0.3795958973588986,24.48
15,C_Random_Full,91,0.26783980811002733,0.07464317921823653,0.3857637785123327,21.52
15,C_Random_Full,92,0.23366037123877145,0.06419295982460181,0.38730684402081167,18.56
15,C_Random_Full,93,0.18928874459928163,0.05472599509074814,0.37377978051686145,15.5
15,C_Random_Full,94,0.1583637256113601,0.04376086475422305,0.37921999293799324,12.52
15,C_Random_Full,95,0.1281418090493603,0.03327177039716677,0.39385947385947373,9.63
15,C_Random_Full,96,0.0962603668085454,0.022906105361687308,0.4112932067932069,6.86
15,C_Random_Full,97,0.06730604277731092,0.014652615267530119,0.4203023088023088,4.54
15,C_Random_Full,98,0.03756946695160998,0.00862280720797936,0.42574999999999996,2.66
15,C_Random_Full,99,0.0,0.0,1.0,0.0
15,C_Random_Min_Diag,0,0.7638804402568834,0.45387950353529244,0.23906287790267666,105.21
15,C_Random_Min_Diag,1,0.7640417305794641,0.4535554172327121,0.23920538604418112,105.16
15,C_Random_Min_Diag,2,0.764491225528959,0.4537680164530469,0.2392648168853421,105.22
15,C_Random_Min_Diag,3,0.764491225528959,0.45353239262800005,0.23936611967060714,105.18
15,C_Random_Min_Diag,4,0.7647134477511812,0.45354119919189606,0.23942474500753438,105.19
15,C_Random_Min_Diag,5,0.7648858615442847,0.4533812319884983,0.23952691945977936,105.17
15,C_Random_Min_Diag,6,0.7648858615442847,0.4532445367693589,0.23960830034304706,105.15
15,C_Random_Min_Diag,7,0.7648858615442847,0.45335822279479243,0.23956507224921061,105.17
15,C_Random_Min_Diag,8,0.7648858615442847,0.45325424412247733,0.23959901639534834,105.15
15,C_Random_Min_Diag,9,0.7640525282109514,0.45281252399184446,0.23966573573666655,105.06
15,C_Random_Min_Diag,10,0.7640525282109514,0.4529251434705093,0.23962951036796007,105.08
15,C_Random_Min_Diag,11,0.7641376132960365,0.4526600787496187,0.23970650255815984,105.03
15,C_Random_Min_Diag,12,0.7636109675280115,0.4526487315006865,0.2395813211358086,105.01
15,C_Random_Min_Diag,13,0.7627255874110521,0.4525310799763609,0.23942602360315257,104.96
15,C_Random_Min_Diag,14,0.7627255874110521,0.4524893409207484,0.23941817941243448,104.95
15,C_Random_Min_Diag,15,0.76250336518883,0.4522603473625285,0.23944554293646142,104.9
15,C_Random_Min_Diag,16,0.7627163281517929,0.45216041579500094,0.23952360215575957,104.89
15,C_Random_Min_Diag,17,0.7627462426817075,0.4521038277514951,0.23954698341210479,104.88
15,C_Random_Min_Diag,18,0.7630403603287664,0.4516638340350918,0.2397650897253077,104.81
15,C_Random_Min_Diag,19,0.7629848047732107,0.4515181602716193,0.23986306308064173,104.79
15,C_Random_Min_Diag,20,0.7631888864058639,0.45095010997651663,0.24015122732632196,104.7
15,C_Random_Min_Diag,21,0.7631888864058639,0.45068071031088797,0.24023667637929036,104.65
15,C_Random_Min_Diag,22,0.7635852757308248,0.45062320422113133,0.24037668841544244,104.66
15,C_Random_Min_Diag,23,0.7634098371343336,0.4502869294236313,0.24043341198274223,104.59
15,C_Random_Min_Diag,24,0.7640707566745636,0.44983625977632996,0.24060590738790671,104.51
15,C_Random_Min_Diag,25,0.7648655330900296,0.44954104244983084,0.24094511762459989,104.49
15,C_Random_Min_Diag,26,0.7650948510884154,0.44921184450238916,0.24111190099242982,104.43
15,C_Random_Min_Diag,27,0.7652753401899569,0.4485529995226386,0.24140030229321663,104.32
15,C_Random_Min_Diag,28,0.7659707217054603,0.4482495244033639,0.24161992033659124,104.28
15,C_Random_Min_Diag,29,0.7640273972753748,0.44746083822587773,0.241459497231489,104.08
15,C_Random_Min_Diag,30,0.765046188125048,0.4465816315286086,0.2419759942169875,103.95
15,C_Random_Min_Diag,31,0.7651767299969693,0.4461125565340722,0.24218853277236907,103.87
15,C_Random_Min_Diag,32,0.7654398878917061,0.44547845388340335,0.24251784684549635,103.77
15,C_Random_Min_Diag,33,0.7642072600155363,0.44543340634049444,0.24224133569415207,103.72
15,C_Random_Min_Diag,34,0.7632804626299153,0.4448789125841525,0.24230698680063995,103.6
15,C_Random_Min_Diag,35,0.7626357665400971,0.44441624190242107,0.2422898100366717,103.49
15,C_Random_Min_Diag,36,0.76181460708272,0.44323863310528366,0.24256371491754947,103.25
15,C_Random_Min_Diag,37,0.7616325114006243,0.4424867159268738,0.24282501525905328,103.11
15,C_Random_Min_Diag,38,0.7613277455059968,0.4414192535410402,0.24315685948738858,102.91
15,C_Random_Min_Diag,39,0.761628497385696,0.4403525183739858,0.24360636333333144,102.72
15,C_Random_Min_Diag,40,0.7610773067894736,0.438468176981159,0.2442262045523036,102.37
15,C_Random_Min_Diag,41,0.7612244797031971,0.4371858297573442,0.2449490642677463,102.17
15,C_Random_Min_Diag,42,0.7591249274509753,0.43534480744817783,0.24506369711405843,101.75
15,C_Random_Min_Diag,43,0.7616160893608772,0.4331756710181927,0.2463030610913347,101.42
15,C_Random_Min_Diag,44,0.7630847071110075,0.4305779843659922,0.24756644371851422,100.98
15,C_Random_Min_Diag,45,0.7634209498969713,0.42775167277856746,0.24873077007321467,100.48
15,C_Random_Min_Diag,46,0.762564850078915,0.42580821144146547,0.2493264649726717,100.1
15,C_Random_Min_Diag,47,0.7632476500814793,0.42396463764618164,0.25021929659108716,99.8
15,C_Random_Min_Diag,48,0.7615895747824881,0.42179308052657555,0.25064853824517,99.34
15,C_Random_Min_Diag,49,0.7598129622624546,0.4175378962794948,0.2519707891445253,98.52
15,C_Random_Min_Diag,50,0.7587548760957477,0.41596090951246956,0.25237899501680244,98.2
15,C_Random_Min_Diag,51,0.7572992468431565,0.41230152894108696,0.25364953903591325,97.51
15,C_Random_Min_Diag,52,0.7578839277419702,0.4084167359244282,0.2554847240847816,96.83
15,C_Random_Min_Diag,53,0.7564801748054312,0.40307173313559014,0.2576506905647991,95.85
15,C_Random_Min_Diag,54,0.757221463263259,0.39887784234230067,0.2600294357302088,95.17
15,C_Random_Min_Diag,55,0.7578203219158763,0.39334867703521115,0.2626754299348974,94.19
15,C_Random_Min_Diag,56,0.7577111800834178,0.38829841167796586,0.2648889828844281,93.27
15,C_Random_Min_Diag,57,0.7574019838524371,0.38218137906594946,0.26757272298237067,92.15
15,C_Random_Min_Diag,58,0.75515812863905,0.37590761674420636,0.2694044501416873,90.86
15,C_Random_Min_Diag,59,0.7532699128833181,0.3687103774580563,0.2723008917728229,89.48
15,C_Random_Min_Diag,60,0.7525465561231762,0.36111821210222667,0.27610351974295455,88.1
15,C_Random_Min_Diag,61,0.7522190602627724,0.35293804306639714,0.28031886574905823,86.62
15,C_Random_Min_Diag,62,0.7520704201489963,0.343377220489938,0.2853969223461111,84.89
15,C_Random_Min_Diag,63,0.7504917790129947,0.3346086599961866,0.2898430345718787,83.28
15,C_Random_Min_Diag,64,0.7452925493711655,0.3236034003253231,0.29473976461425866,81.13
15,C_Random_Min_Diag,65,0.7422345238913869,0.3142991626455744,0.29985263647131843,79.38
15,C_Random_Min_Diag,66,0.7438088008985886,0.30454758308880975,0.306426628494611,77.65
15,C_Random_Min_Diag,67,0.7422719137888285,0.2923059227497753,0.3136953088903562,75.35
15,C_Random_Min_Diag,68,0.7399670441255637,0.28105230972589795,0.32118249185533754,73.27
15,C_Random_Min_Diag,69,0.7381476564436312,0.268310665643222,0.3294308415735023,70.82
15,C_Random_Min_Diag,70,0.7356443147179279,0.25423182530370214,0.3404903724511284,68.23
15,C_Random_Min_Diag,71,0.7313370907224076,0.23906028004212473,0.3531584753422991,65.4
15,C_Random_Min_Diag,72,0.7308818692013911,0.22469471539778868,0.366429704986247,62.82
15,C_Random_Min_Diag,73,0.7197649200927339,0.21180399401349564,0.37615145667491945,60.19
15,C_Random_Min_Diag,74,0.7151006831999571,0.197488309195707,0.39041672374122677,57.53
15,C_Random_Min_Diag,75,0.7048367048188032,0.1839846314094064,0.40349394685684786,54.74
15,C_Random_Min_Diag,76,0.6961065785962179,0.1716859245811532,0.41595327427141426,52.21
15,C_Random_Min_Diag,77,0.6848588229230355,0.1592568370095616,0.4301845410967416,49.66
15,C_Random_Min_Diag,78,0.6717668909600354,0.14840247349489208,0.44213127182471895,47.3
15,C_Random_Min_Diag,79,0.6577703955394851,0.1372507673457995,0.45630177426348806,44.88
15,C_Random_Min_Diag,80,0.6396694887975274,0.12440110552115796,0.47337497973702564,42.03
15,C_Random_Min_Diag,81,0.6207336138900807,0.11518000631945985,0.4862191554086088,39.76
15,C_Random_Min_Diag,82,0.5973318332813072,0.10672301867482922,0.4960546699961329,37.58
15,C_Random_Min_Diag,83,0.5733116503967493,0.09758612705705139,0.5076251685493149,35.12
15,C_Random_Min_Diag,84,0.547226012522946,0.08888098091498582,0.5173048936553107,32.75
15,C_Random_Min_Diag,85,0.5170298233981068,0.08236823038666058,0.5222576008309376,30.6
15,C_Random_Min_Diag,86,0.48742993392929307,0.07523256866957352,0.5298331442895452,28.39
15,C_Random_Min_Diag,87,0.4541092703074739,0.06927907052686826,0.5321833902988529,26.18
15,C_Random_Min_Diag,88,0.4225849623043027,0.0641829265848493,0.53055891863284,24.28
15,C_Random_Min_Diag,89,0.3784948616135295,0.05780768525716338,0.5305703886917112,21.83
15,C_Random_Min_Diag,90,0.3399891127827327,0.05183512010963967,0.5296864547616871,19.52
15,C_Random_Min_Diag,91,0.2976563849912763,0.04679993207168628,0.5227900341543763,17.38
15,C_Random_Min_Diag,92,0.26232316531643707,0.04122707091240498,0.51775263081768,15.3
15,C_Random_Min_Diag,93,0.22907742078095755,0.03543552423873343,0.5248262785583421,13.27
15,C_Random_Min_Diag,94,0.19342875317388844,0.02928490006177396,0.5177496240429676,11.1
15,C_Random_Min_Diag,95,0.15325565858261292,0.022726871530510645,0.5187753145976831,8.7
15,C_Random_Min_Diag,96,0.11663072496051875,0.017675401152399677,0.5014660339660338,6.6
15,C_Random_Min_Diag,97,0.07819987565806641,0.012459642076882186,0.4728398268398267,4.48
15,C_Random_Min_Diag,98,0.045251066497949924,0.006733079782290493,0.45740476190476187,2.49
15,C_Random_Min_Diag,99,0.0,0.0,1.0,0.0
20,C_ID,0,0.7906292411443426,0.46341456858791136,0.18979384129529392,190.4
20,C_ID,1,0.7908137166180339,0.4631477764611751,0.1898073250310018,190.29
20,C_ID,2,0.7907519882229721,0.46334657464042506,0.18975709709896374,190.36
20,C_ID,3,0.7902387912596308,0.46310551387146826,0.18973212345225132,190.25
20,C_ID,4,0.7906610695985757,0.4631477826501389,0.18980287951270072,190.29
20,C_ID,5,0.7905376128084524,0.46312022870889946,0.1897723797496364,190.27
20,C_ID,6,0.7906610695985757,0.46291223275109955,0.1898696106239769,190.21
20,C_ID,7,0.7906626128084524,0.4627750793719012,0.18989909207957534,190.16
20,C_ID,8,0.7906106310020846,0.46268828012602525,0.1899184126534273,190.13
20,C_ID,9,0.7906626128084524,0.4624538714288286,0.18998046910638977,190.05
20,C_ID,10,0.7910169871163152,0.4625995217675428,0.1900209675972321,190.12
20,C_ID,11,0.7907171051398434,0.4623169438548163,0.19005448254664636,190.01
20,C_ID,12,0.7904535365599926,0.46202539030227335,0.19010714796336883,189.9
20,C_ID,13,0.79056981562976,0.46197430226956776,0.1901502787878587,189.89
20,C_ID,14,0.7903949336532884,0.4619992987925181,0.19010127560535076,189.89
20,C_ID,15,0.790556223975869,0.461712176470258,0.1902219099355583,189.8
20,C_ID,16,0.7902381901048052,0.4614428567985967,0.19022320021292227,189.69
20,C_ID,17,0.7903405292860917,0.4608502798864119,0.19046511972846894,189.5
20,C_ID,18,0.7901513644963798,0.460597674032024,0.19047414250120073,189.4
20,C_ID,19,0.7905105338395374,0.46071143463856545,0.19051321350308076,189.46
20,C_ID,20,0.7906371161180185,0.46035019077535516,0.19067003085345857,189.35
20,C_ID,21,0.7907574400760617,0.4600658358386985,0.1907839200795208,189.26
20,C_ID,22,0.7899836305522523,0.4595397184559249,0.19093606616528153,189.08
20,C_ID,23,0.7902636802239428,0.4591100788600078,0.19115222555878675,188.96
20,C_ID,24,0.7901785233884522,0.45867363397218014,0.19123925990110302,188.8
20,C_ID,25,0.790887950587163,0.45841427727084505,0.19144579163803463,188.74
20,C_ID,26,0.7918780324885352,0.4580144626901365,0.1917898526923089,188.66
20,C_ID,27,0.792041022834246,0.45782304727372486,0.191780605536305,188.58
20,C_ID,28,0.7915163357566177,0.45673982077813446,0.1920455769207614,188.2
20,C_ID,29,0.793607743239593,0.45622309780282516,0.19250904795599216,188.09
20,C_ID,30,0.794441196929765,0.45543510871770215,0.1928502309797346,187.85
20,C_ID,31,0.7932299567092208,0.4543865671844155,0.193048839360087,187.46
20,C_ID,32,0.793751851253136,0.4532602168654748,0.19354519721190175,187.12
20,C_ID,33,0.7937038417611612,0.45282076945900274,0.19363249893774973,186.96
20,C_ID,34,0.7944274476654679,0.45183253624233416,0.19414095258257927,186.67
20,C_ID,35,0.794264582752603,0.45097666062056524,0.19435510350791824,186.37
20,C_ID,36,0.7946167773865622,0.450494464130348,0.19453360076950957,186.21
20,C_ID,37,0.7948063459524177,0.44915208870943263,0.1950000671701047,185.77
20,C_ID,38,0.795140086936606,0.44791695950653027,0.19547023435251557,185.37
20,C_ID,39,0.796969898851374,0.446832921666546,0.19620816336617633,185.1
20,C_ID,40,0.7965571979585313,0.445246718081877,0.1967247414294674,184.56
20,C_ID,41,0.7956807848178592,0.4436449516887974,0.19710187425944056,183.98
20,C_ID,42,0.7958391654788332,0.44152432898330995,0.19782961685691342,183.28
20,C_ID,43,0.7956499355449915,0.43959581342004056,0.19845866185123498,182.63
20,C_ID,44,0.7961985033814016,0.4378308399288239,0.19920853444852746,182.07
20,C_ID,45,0.7961586454881839,0.4356687601809194,0.19983686144105856,181.31
20,C_ID,46,0.7952054465165839,0.433227656349499,0.20046280092894542,180.44
20,C_ID,47,0.7957059603500706,0.42974403772399206,0.20189355163422712,179.32
20,C_ID,48,0.7962154625040293,0.42632312812043066,0.20339971943691718,178.24
20,C_ID,49,0.7949816933557067,0.42309617958583456,0.20425144282248092,177.07
20,C_ID,50,0.7965161722443597,0.41881789297758915,0.2061448475438635,175.71
20,C_ID,51,0.7959043162448808,0.4152732800267387,0.20730837792681672,174.49
20,C_ID,52,0.795558628816018,0.4115508746336022,0.2087177685588768,173.24
20,C_ID,53,0.7937799522320627,0.40645469654862104,0.21044228562850548,171.49
20,C_ID,54,0.7902257278256327,0.4005299252499526,0.2122372882883884,169.38
20,C_ID,55,0.7899444563761401,0.3934340521569545,0.21485521565506235,166.95
20,C_ID,56,0.7890408698570667,0.3882051462865328,0.21680720087166713,165.15
20,C_ID,57,0.7885241326907267,0.3813140089963901,0.2193380103642091,162.73
20,C_ID,58,0.7879782401180762,0.3746376960422696,0.2223907242479383,160.53
20,C_ID,59,0.7886445815092616,0.36732918962215605,0.22555434816280506,158.06
20,C_ID,60,0.787742805941037,0.3572830966531557,0.2303140316896833,154.71
20,C_ID,61,0.7870957244635594,0.34828020054875963,0.2344692256754775,151.63
20,C_ID,62,0.7861557675999548,0.33878184100835507,0.23871371474000674,148.34
20,C_ID,63,0.7822620535865557,0.329314235975629,0.24289235396946282,145.04
20,C_ID,64,0.7802238434013722,0.31815908012531186,0.2484937305246115,141.21
20,C_ID,65,0.7781613760882098,0.3064739147992756,0.2547356710862731,137.18
20,C_ID,66,0.7755225657588136,0.29463345318769646,0.26124619222855033,133.06
20,C_ID,67,0.7703778853023338,0.2815649019180487,0.2687871465613622,128.48
20,C_ID,68,0.7648590655564178,0.26783149467712725,0.2766946312400595,123.63
20,C_ID,69,0.7611933036946532,0.2545943941931194,0.28560018182262364,118.98
20,C_ID,70,0.7539425403530764,0.24087723541912553,0.2946088816598501,114.08
20,C_ID,71,0.7490303375596994,0.22569589256431652,0.30670713982294356,108.83
20,C_ID,72,0.7381904102652714,0.2115968104875104,0.316572153385822,103.58
20,C_ID,73,0.7281034001235658,0.19522337127215436,0.3299639045268778,97.61
20,C_ID,74,0.7207921117669686,0.18092386151145123,0.34361422309778145,92.47
20,C_ID,75,0.7118327408915017,0.1650024466609122,0.3605138177369847,86.7
20,C_ID,76,0.6986744646938248,0.1497016201836836,0.37782796385337114,80.97
20,C_ID,77,0.6884471496769831,0.13696747747907076,0.3941514625034967,76.16
20,C_ID,78,0.6714993323747409,0.12424836138596937,0.4109479850378534,71.05
20,C_ID,79,0.652907251189387,0.11281671343503291,0.4268569914598716,66.37
20,C_ID,80,0.6354514135940749,0.10252180414692705,0.44310742657485636,62.11
20,C_ID,81,0.6167512720368074,0.09281853129551541,0.4595714607416963,57.89
20,C_ID,82,0.5935324120567116,0.0842368394644219,0.4741139989733425,54.0
20,C_ID,83,0.5615747418787914,0.07597373471962492,0.4861535440288805,49.81
20,C_ID,84,0.534753643244321,0.06917385527261335,0.49726092794408117,46.35
20,C_ID,85,0.5006856532987483,0.06326158120337982,0.5027395691247961,42.78
20,C_ID,86,0.46145171666738916,0.05734710150582546,0.5058837618627299,39.22
20,C_ID,87,0.42309929974976646,0.05299589874879627,0.5013745886609571,36.08
20,C_ID,88,0.38544315847144456,0.04858309945524929,0.4980157691992945,32.86
20,C_ID,89,0.348438877207858,0.04322441613776173,0.501501052199593,29.5
20,C_ID,90,0.31018728573732784,0.03854312095115621,0.49755393902525746,26.18
20,C_ID,91,0.2722723066800848,0.03449852336131919,0.4912333230635106,23.15
20,C_ID,92,0.23035682060967141,0.030095842054704794,0.4829267445861082,19.93
20,C_ID,93,0.1906061210466962,0.02561626080227768,0.469302361783483,16.69
20,C_ID,94,0.1590312207790422,0.02023209578581018,0.4728144845350727,13.43
20,C_ID,95,0.12435956771999258,0.015719097602595596,0.4715570160403752,10.53
20,C_ID,96,0.0893158716176999,0.011903896586857128,0.4451923501335267,7.76
20,C_ID,97,0.058981931361227306,0.007708212322551113,0.4383041125541128,4.96
20,C_ID,98,0.028129509337626684,0.0040466669210767366,0.4056666666666666,2.45
20,C_ID,99,0.0,0.0,1.0,0.0
20,C_Random_Diag,0,0.7903107117872882,0.4641853623617323,0.18639696722829632,190.28
20,C_Random_Diag,1,0.7898975843741609,0.46419415353917437,0.18634257485400643,190.27
20,C_Random_Diag,2,0.7897756331546486,0.4638159482266817,0.1864126112634677,190.13
20,C_Random_Diag,3,0.7897756331546486,0.4636637489759437,0.1864690699517065,190.08
20,C_Random_Diag,4,0.7897756331546486,0.4637770502863425,0.18639680540911244,190.11
20,C_Random_Diag,5,0.7896493173651749,0.463791086276337,0.18641906482183113,190.12
20,C_Random_Diag,6,0.7894853829389454,0.463513513349927,0.1864788784831752,190.02
20,C_Random_Diag,7,0.7897301955975512,0.4635793406621948,0.1865174264978407,190.06
20,C_Random_Diag,8,0.7897301955975512,0.46334381325300805,0.18657916854258802,189.98
20,C_Random_Diag,9,0.7898283024098948,0.46333885463753094,0.18660064089377276,189.98
20,C_Random_Diag,10,0.7895979491177436,0.4633404025794875,0.18659048291365884,189.98
20,C_Random_Diag,11,0.7893412151110095,0.46315800676178237,0.18664715997389225,189.92
20,C_Random_Diag,12,0.7888829775915376,0.4627237425174952,0.1867900338059543,189.78
20,C_Random_Diag,13,0.7892736490985907,0.4627204869861775,0.18684691465460154,189.79
20,C_Random_Diag,14,0.7891560020397671,0.4628166380163107,0.1867638284564406,189.81
20,C_Random_Diag,15,0.7888985064489381,0.4628654695601964,0.18671585025744344,189.82
20,C_Random_Diag,16,0.7886113269617586,0.4626515207368733,0.1867050556204202,189.73
20,C_Random_Diag,17,0.7879573017610706,0.46240831124048887,0.18670032306614423,189.63
20,C_Random_Diag,18,0.78790478597085,0.46210460410339727,0.18680704549806218,189.53
20,C_Random_Diag,19,0.787416555465901,0.462248215877765,0.18665281244752274,189.55
20,C_Random_Diag,20,0.7876768000860015,0.4618928214563704,0.1868311032438927,189.45
20,C_Random_Diag,21,0.7875322131914146,0.4619691859529644,0.18670893511039705,189.45
20,C_Random_Diag,22,0.7876814405620464,0.46117057723325033,0.18700466432149404,189.2
20,C_Random_Diag,23,0.787974695694011,0.460946111888204,0.18714776745856498,189.14
20,C_Random_Diag,24,0.7886305688019466,0.46037624493366086,0.1874487767426481,188.98
20,C_Random_Diag,25,0.7877792346149793,0.45984834857793805,0.18741129162649378,188.75
20,C_Random_Diag,26,0.7882273322343535,0.4594730910739986,0.18763492805352147,188.65
20,C_Random_Diag,27,0.788310550619567,0.45942288752847316,0.18769701934907526,188.65
20,C_Random_Diag,28,0.789170898079172,0.4588804154151159,0.18797788377436717,188.49
20,C_Random_Diag,29,0.7881207747224448,0.4582821992961448,0.18791463987285362,188.23
20,C_Random_Diag,30,0.7884042432822824,0.45745305761042077,0.18816607310089098,187.95
20,C_Random_Diag,31,0.7871134765518393,0.45678588286961125,0.1880862035669434,187.65
20,C_Random_Diag,32,0.7883716788937831,0.45648287111334723,0.18848497932606342,187.62
20,C_Random_Diag,33,0.7871158598381488,0.45555264369002574,0.18849317622330497,187.23
20,C_Random_Diag,34,0.7890738867090199,0.4549474374945117,0.18910073210525916,187.13
20,C_Random_Diag,35,0.7899508825837276,0.4539543613900589,0.18966926803070439,186.86
20,C_Random_Diag,36,0.7923907964437639,0.4533000349119405,0.1901790484013734,186.71
20,C_Random_Diag,37,0.7929801220936848,0.45202980443936064,0.1906083233043622,186.29
20,C_Random_Diag,38,0.7917744316669224,0.45075258762858483,0.19082966749969557,185.82
20,C_Random_Diag,39,0.7928980393306746,0.44860029167822196,0.19171894450658963,185.14
20,C_Random_Diag,40,0.7930153109377409,0.44738998198168256,0.1922583287479361,184.77
20,C_Random_Diag,41,0.7923876500710623,0.4459481537961602,0.19265110128069704,184.27
20,C_Random_Diag,42,0.7928749632893666,0.44400911284123046,0.1933062335816188,183.62
20,C_Random_Diag,43,0.7932528359060903,0.4419115490272342,0.19401034021769278,182.92
20,C_Random_Diag,44,0.7929230850253529,0.4395797946729401,0.19487495928483614,182.15
20,C_Random_Diag,45,0.7925259383983833,0.436848348281642,0.19579114337419357,181.23
20,C_Random_Diag,46,0.7935980381748093,0.4337136583448061,0.19680909545992645,180.15
20,C_Random_Diag,47,0.7944592841817216,0.4323522386194101,0.1973054725184302,179.69
20,C_Random_Diag,48,0.7945710686106122,0.43104710459742485,0.19768388991671973,179.24
20,C_Random_Diag,49,0.7928559074766494,0.42713974829284335,0.19883309865832477,177.89
20,C_Random_Diag,50,0.7929664826100304,0.4228920246992031,0.20041229693902476,176.48
20,C_Random_Diag,51,0.7944391754927311,0.41877860756333374,0.2021910420460974,175.17
20,C_Random_Diag,52,0.7933873773225396,0.4141460703517361,0.20363164725805533,173.57
20,C_Random_Diag,53,0.7933719817243028,0.4091878493279663,0.20544878031388458,171.89
20,C_Random_Diag,54,0.7909372209531413,0.40392355773181926,0.20690761066321461,169.99
20,C_Random_Diag,55,0.7910241806887793,0.3981056167478071,0.20931943147636595,168.08
20,C_Random_Diag,56,0.7901592006734995,0.39090165223511364,0.21210332757175787,165.64
20,C_Random_Diag,57,0.7896963808501382,0.38411819840622335,0.2149104327073687,163.35
20,C_Random_Diag,58,0.7903645314404361,0.375829649368348,0.2184947837497312,160.58
20,C_Random_Diag,59,0.7883037711392347,0.3681223150829822,0.22135697521138095,157.88
20,C_Random_Diag,60,0.7859703010777518,0.35900297188840097,0.22525254112458384,154.81
20,C_Random_Diag,61,0.7834665795414877,0.3506640502318062,0.22849841034426394,151.87
20,C_Random_Diag,62,0.7828615063945111,0.3416459656777176,0.23286373777124447,148.84
20,C_Random_Diag,63,0.7778970296249077,0.3318354984070032,0.23687976574447764,145.34
20,C_Random_Diag,64,0.7745971530007703,0.32077306456138294,0.2419359705993266,141.47
20,C_Random_Diag,65,0.774451004457818,0.3093438501483853,0.24832984485912107,137.62
20,C_Random_Diag,66,0.7715318190321332,0.2965171646392686,0.2550306671894773,133.15
20,C_Random_Diag,67,0.771205583480835,0.2845216319038813,0.2623642472475727,129.08
20,C_Random_Diag,68,0.7666437967877381,0.27222290375978564,0.2692023993497839,124.69
20,C_Random_Diag,69,0.7598394495848008,0.25658347179716245,0.2787329830976224,119.14
20,C_Random_Diag,70,0.754749477972285,0.2427758177559882,0.28800387781377174,114.2
20,C_Random_Diag,71,0.7474861472691998,0.22890042661745813,0.2976618449911184,109.25
20,C_Random_Diag,72,0.7385811294399471,0.2139105584005603,0.30901302354882143,103.9
20,C_Random_Diag,73,0.7295427733690799,0.19899937295545023,0.3215317668892365,98.43
20,C_Random_Diag,74,0.7222019360846691,0.18435824657314093,0.33551718927925683,93.07
20,C_Random_Diag,75,0.7121872731053651,0.16914110061932822,0.3511526284935704,87.49
20,C_Random_Diag,76,0.6983760672337127,0.15435938555394207,0.3677955831896804,81.97
20,C_Random_Diag,77,0.6887963602176141,0.14038511356609704,0.3861753405752959,76.72
20,C_Random_Diag,78,0.6738249408253109,0.1285001848120283,0.4015936276159937,72.01
20,C_Random_Diag,79,0.6588172017832364,0.11599580755959246,0.42061658333007446,67.12
20,C_Random_Diag,80,0.6394341984577951,0.10515004669446842,0.4376854377917405,62.59
20,C_Random_Diag,81,0.6114929560433731,0.09437461498951957,0.4534532420077981,57.79
20,C_Random_Diag,82,0.5916582329260076,0.08404020358001463,0.4742132343620669,53.43
20,C_Random_Diag,83,0.5672094989217528,0.07576666395567135,0.489348067587008,49.59
20,C_Random_Diag,84,0.5359244470827695,0.06984213810513229,0.49563870654746717,46.28
20,C_Random_Diag,85,0.5060780291095603,0.06332111352183317,0.5043220007062685,42.8
20,C_Random_Diag,86,0.4621707897709672,0.057848157407580224,0.5026747261917739,39.15
20,C_Random_Diag,87,0.42091863229276805,0.05270419923464113,0.4998857791370846,35.74
20,C_Random_Diag,88,0.38113609623130423,0.04816014586856604,0.49670746126765686,32.42
20,C_Random_Diag,89,0.33066847784620745,0.04387791818981429,0.48293343218335466,28.91
20,C_Random_Diag,90,0.2920687696128572,0.0395513233434213,0.475038497746474,25.78
20,C_Random_Diag,91,0.24871664987253253,0.03532051270787698,0.46117275321436857,22.5
20,C_Random_Diag,92,0.20988603786676863,0.03128755126606509,0.44764643704689616,19.46
20,C_Random_Diag,93,0.17867800553394747,0.025797851441936016,0.45738894900826543,16.32
20,C_Random_Diag,94,0.1461577868831187,0.021712884969692803,0.44097264180321455,13.47
20,C_Random_Diag,95,0.11162007370864938,0.017226607902574517,0.42045828956045667,10.51
20,C_Random_Diag,96,0.08214372228634562,0.01241105600001613,0.41923245545304383,7.62
20,C_Random_Diag,97,0.05614936566747856,0.008236046922834946,0.42997999222999217,5.1
20,C_Random_Diag,98,0.029017494369663374,0.004869479901930411,0.3937878787878787,2.83
20,C_Random_Diag,99,0.0,0.0,1.0,0.0
20,C_Random_Full,0,0.7183079742934152,0.47497412682509255,0.16969038724695362,190.74
20,C_Random_Full,1,0.7179896785540669,0.4745285049687833,0.16978631277885461,190.58
20,C_Random_Full,2,0.7177483638047429,0.47469753678367377,0.16966415700814375,190.62
20,C_Random_Full,3,0.7184610984385302,0.47438697117068346,0.16993279628449098,190.56
20,C_Random_Full,4,0.7181580681355,0.4744998907260931,0.16983061065772065,190.58
20,C_Random_Full,5,0.718524228690631,0.47417167892732415,0.1700377655271887,190.5
20,C_Random_Full,6,0.7185336983876007,0.4740898339547696,0.1700169885819408,190.46
20,C_Random_Full,7,0.718106425660328,0.4741717240562189,0.16991490395393327,190.47
20,C_Random_Full,8,0.7179939256603279,0.47390103762630864,0.1699938531568113,190.38
20,C_Random_Full,9,0.7172895106157565,0.47384143012276686,0.16988373388094152,190.33
20,C_Random_Full,10,0.7178514806903906,0.47368580120731535,0.17006441666871921,190.31
20,C_Random_Full,11,0.7180489437806385,0.4732976738295751,0.17017836167368633,190.18
20,C_Random_Full,12,0.7182632258252732,0.4735524845973508,0.17019839677522433,190.29
20,C_Random_Full,13,0.7180128737676923,0.47325391477289025,0.17020965043551342,190.17
20,C_Random_Full,14,0.7180500378614602,0.47302689607705384,0.170254793233796,190.09
20,C_Random_Full,15,0.7174142681256996,0.47273165874115114,0.1702214198021643,189.96
20,C_Random_Full,16,0.7176029473709826,0.4725845537846906,0.1702975956019899,189.92
20,C_Random_Full,17,0.7170518435728199,0.4725310604176176,0.17024786039717418,189.89
20,C_Random_Full,18,0.7165337644036985,0.4727845880461514,0.1700276238979967,189.94
20,C_Random_Full,19,0.7172021007185464,0.47248965781346364,0.1701642396524293,189.85
20,C_Random_Full,20,0.7174625069151197,0.4722187252528531,0.17028476611837692,189.77
20,C_Random_Full,21,0.7172538533589997,0.4720731350771127,0.17020801716207803,189.69
20,C_Random_Full,22,0.7168886573962364,0.47177697987992995,0.17024494920017935,189.58
20,C_Random_Full,23,0.7173172284240547,0.4713640310583384,0.17047928092240094,189.47
20,C_Random_Full,24,0.7171413600670138,0.4711959671695524,0.17045583468988132,189.4
20,C_Random_Full,25,0.7169814541468031,0.47094672035399054,0.17049000852956836,189.31
20,C_Random_Full,26,0.7182073190677901,0.4706309920107743,0.17078956076987123,189.25
20,C_Random_Full,27,0.7183585373146971,0.47009293034395455,0.1709198369312803,189.06
20,C_Random_Full,28,0.7195469548577066,0.46914142911611945,0.17149850168081002,188.82
20,C_Random_Full,29,0.7194079328668357,0.4691672064437856,0.17148257094762143,188.83
20,C_Random_Full,30,0.7197711258330963,0.46873964517949973,0.1716053891336516,188.68
20,C_Random_Full,31,0.7182517520753633,0.46815965024225475,0.17151738582646645,188.43
20,C_Random_Full,32,0.7188679259117039,0.46783435854974104,0.171708532007944,188.34
20,C_Random_Full,33,0.7192539379618773,0.46735731971447064,0.1717319908823134,188.15
20,C_Random_Full,34,0.7191439029121562,0.46700862960349787,0.17166305192495962,187.99
20,C_Random_Full,35,0.7196018080867824,0.46599618589839026,0.1719990369351624,187.66
20,C_Random_Full,36,0.7187606171268343,0.46558350178538943,0.171951831909662,187.48
20,C_Random_Full,37,0.7207376144397719,0.46489457434996473,0.17239322428642254,187.3
20,C_Random_Full,38,0.7192006663928775,0.46421353105785096,0.17218435238276963,186.98
20,C_Random_Full,39,0.7177400986109841,0.4640075175762788,0.17198717220341797,186.85
20,C_Random_Full,40,0.7189457624111387,0.4627177773046613,0.1727887546672204,186.52
20,C_Random_Full,41,0.721097890619415,0.4607878163202282,0.1736392876325597,185.94
20,C_Random_Full,42,0.7205199823655891,0.4600533534996531,0.17368445941666308,185.65
20,C_Random_Full,43,0.72185688476472,0.45796246465943957,0.17465938383414437,185.03
20,C_Random_Full,44,0.7231073450866026,0.4566991738761662,0.175238374431085,184.65
20,C_Random_Full,45,0.7227144276647038,0.4551134816721407,0.17553019324868493,184.09
20,C_Random_Full,46,0.7230522052693129,0.4531127250639057,0.17620269055925855,183.42
20,C_Random_Full,47,0.7234111920701963,0.4507097386751369,0.17698501472775802,182.63
20,C_Random_Full,48,0.723343175437208,0.4486103950761276,0.1776299820392277,181.92
20,C_Random_Full,49,0.7248574326485806,0.4462045865550916,0.1783774569483749,181.11
20,C_Random_Full,50,0.725017224560671,0.4435079289959319,0.1791892876676097,180.19
20,C_Random_Full,51,0.7261773279837387,0.4406588007436411,0.18037556977678804,179.3
20,C_Random_Full,52,0.7248673003317535,0.4373208559358263,0.18118784088017972,178.13
20,C_Random_Full,53,0.7278159278128697,0.43481943554429314,0.18264911005084034,177.43
20,C_Random_Full,54,0.7273325583083542,0.4305117151920804,0.18405183418226628,175.99
20,C_Random_Full,55,0.7248306032003912,0.4257615704279369,0.18513776060009082,174.27
20,C_Random_Full,56,0.7260957920418298,0.42125610969657734,0.18710444146805538,172.86
20,C_Random_Full,57,0.7253323503967056,0.41790253002701294,0.1879144240162682,171.65
20,C_Random_Full,58,0.7251777122374661,0.4120421838067772,0.19001797560622777,169.68
20,C_Random_Full,59,0.7227595915090537,0.40665691403853627,0.19144933356394087,167.77
20,C_Random_Full,60,0.721032907995088,0.3993377815707837,0.19370223147139076,165.21
20,C_Random_Full,61,0.7175136582850906,0.3921298501216049,0.19573251655885326,162.65
20,C_Random_Full,62,0.7146347890611213,0.3838725369832931,0.1982470535396284,159.74
20,C_Random_Full,63,0.7152409613696896,0.3752311855467829,0.20181541428482663,156.85
20,C_Random_Full,64,0.7149705660624629,0.3653992612850536,0.20569283028233465,153.49
20,C_Random_Full,65,0.7129244339396265,0.3541319673809102,0.21039953411294057,149.66
20,C_Random_Full,66,0.7134816897683277,0.3430536303036948,0.2153301475724026,145.89
20,C_Random_Full,67,0.7095500809628408,0.3318235982624763,0.21992605378305022,141.97
20,C_Random_Full,68,0.706438469286319,0.3216624376908212,0.2241633347367687,138.43
20,C_Random_Full,69,0.7015625769455903,0.30971574223493525,0.2289869204122506,134.13
20,C_Random_Full,70,0.6945556841485019,0.29770579397181235,0.23390137050403456,129.75
20,C_Random_Full,71,0.6899723826667981,0.2853732365462436,0.24004876926527768,125.4
20,C_Random_Full,72,0.6857165985801035,0.2703847468431912,0.2483494801538039,120.15
20,C_Random_Full,73,0.6788598138241215,0.2579591833289031,0.25484910787746495,115.64
20,C_Random_Full,74,0.6698451073089448,0.2430008229608482,0.2630498110154696,110.15
20,C_Random_Full,75,0.6617519323276576,0.22910689344990773,0.27186118821038846,105.14
20,C_Random_Full,76,0.6502821499805961,0.21681975586777905,0.2791034518236938,100.47
20,C_Random_Full,77,0.6401840682079536,0.20291769337887594,0.2885551334851721,95.37
20,C_Random_Full,78,0.6251158804523843,0.18990114869265434,0.2965925388018415,90.28
20,C_Random_Full,79,0.6088984070987664,0.17734111027075208,0.3046889890685482,85.34
20,C_Random_Full,80,0.5924992812142136,0.16430617048834598,0.3138276147527772,80.23
20,C_Random_Full,81,0.5669638778041683,0.15201468316440267,0.32087989302771275,75.11
20,C_Random_Full,82,0.5418067619769837,0.14113500924878214,0.326281808831552,70.4
20,C_Random_Full,83,0.5148567792762602,0.13053899103315014,0.33082527526922817,65.65
20,C_Random_Full,84,0.48807497672259736,0.11964360771176312,0.33755395806023336,60.73
20,C_Random_Full,85,0.45876647695379147,0.10951331834365385,0.3414223459778979,56.0
20,C_Random_Full,86,0.42198954579967884,0.09779171323931297,0.34785970946300165,50.53
20,C_Random_Full,87,0.3914360020074073,0.08797555694386595,0.35257648166117606,45.85
20,C_Random_Full,88,0.3465311255898086,0.07855910092076031,0.35087157814172293,40.95
20,C_Random_Full,89,0.3058540280236982,0.06910542611774236,0.3530256615295503,36.22
20,C_Random_Full,90,0.2694396539227462,0.060522803104594916,0.3545703900521592,31.78
20,C_Random_Full,91,0.2308010997057328,0.05194996291914566,0.3530099608990174,27.22
20,C_Random_Full,92,0.20119618844108292,0.044178604860043665,0.35625997324031616,23.22
20,C_Random_Full,93,0.1705852351926132,0.03589692138142113,0.3653042175657598,19.09
20,C_Random_Full,94,0.14020270438454666,0.027828845623614307,0.37382855307845503,15.14
20,C_Random_Full,95,0.1110198978831721,0.021148301043844665,0.37012391569875613,11.6
20,C_Random_Full,96,0.08002062991175803,0.015603751451882317,0.3558383643360422,8.4
20,C_Random_Full,97,0.05005620888073672,0.009519410038109856,0.3548661338661338,5.17
20,C_Random_Full,98,0.029516815614825952,0.005263269989419251,0.36664285714285716,2.84
20,C_Random_Full,99,0.0,0.0,1.0,0.0
20,C_Random_Min_Diag,0,0.7919169100944993,0.4628643697776759,0.1904259461407462,190.28
20,C_Random_Min_Diag,1,0.7917992630356757,0.4623822230053481,0.19055003936397977,190.11
20,C_Random_Min_Diag,2,0.7921800679892361,0.4624864767047076,0.19057640274909582,190.16
20,C_Random_Min_Diag,3,0.7919527659099387,0.4625956948550941,0.19047825824783057,190.18
20,C_Random_Min_Diag,4,0.7922159238046755,0.4621359262954886,0.1906855159997211,190.04
20,C_Random_Min_Diag,5,0.7921178845889892,0.4620963202315435,0.19071204637770336,190.03
20,C_Random_Min_Diag,6,0.7918547266942524,0.4623127028599211,0.1905984580054012,190.09
20,C_Random_Min_Diag,7,0.7916041001278363,0.46198940572894415,0.1906112883105124,189.96
20,C_Random_Min_Diag,8,0.792115258538569,0.4621063692490302,0.19061851327920235,190.01
20,C_Random_Min_Diag,9,0.7917380286992649,0.46175501860228557,0.19068583033375966,189.88
20,C_Random_Min_Diag,10,0.7914764486126846,0.4616647987337227,0.190638407692567,189.83
20,C_Random_Min_Diag,11,0.7910766774360427,0.4617347941912213,0.19051584545745964,189.83
20,C_Random_Min_Diag,12,0.790674071656889,0.461858667203663,0.19050837317164138,189.88
20,C_Random_Min_Diag,13,0.790674071656889,0.46171143166358214,0.19055779554203334,189.83
20,C_Random_Min_Diag,14,0.7908416070254668,0.4615030747960803,0.19062836287836826,189.76
20,C_Random_Min_Diag,15,0.7899785966505529,0.4608867602414207,0.19072179145663068,189.53
20,C_Random_Min_Diag,16,0.7909663735795064,0.46103177592826006,0.19073013843604644,189.59
20,C_Random_Min_Diag,17,0.7905319971973747,0.4609428152577621,0.19067755924198596,189.54
20,C_Random_Min_Diag,18,0.7905142193972827,0.4603655707702031,0.19089832033327034,189.36
20,C_Random_Min_Diag,19,0.7905459183136848,0.4601476225350034,0.1909787143880603,189.29
20,C_Random_Min_Diag,20,0.790404624280572,0.46024792275796145,0.19093949692829024,189.32
20,C_Random_Min_Diag,21,0.7901827248765463,0.4599503977912536,0.19094826491386777,189.2
20,C_Random_Min_Diag,22,0.7896693089838734,0.4598232152232303,0.1909024474707539,189.14
20,C_Random_Min_Diag,23,0.7899828102324054,0.4594559215288788,0.19108538993044966,189.03
20,C_Random_Min_Diag,24,0.7898625734367861,0.4589662171435339,0.19128304796632334,188.88
20,C_Random_Min_Diag,25,0.7902045770490267,0.4590342833074538,0.19125700925514605,188.9
20,C_Random_Min_Diag,26,0.7898364503934655,0.45862492898532253,0.19124366048853372,188.72
20,C_Random_Min_Diag,27,0.7895349920398668,0.45833321824645973,0.19127005838101924,188.61
20,C_Random_Min_Diag,28,0.7898923521511221,0.45792716422991253,0.19147271631073945,188.49
20,C_Random_Min_Diag,29,0.7896170367397274,0.4568332326912006,0.19171840143422642,188.1
20,C_Random_Min_Diag,30,0.7899254227565224,0.4565909398679112,0.19184971135763734,188.03
20,C_Random_Min_Diag,31,0.7894983435734679,0.4561833671544433,0.1918464376221093,187.86
20,C_Random_Min_Diag,32,0.7903674022202901,0.455255208324009,0.19234685349412092,187.6
20,C_Random_Min_Diag,33,0.7911390225702665,0.4542926375681273,0.19293233889267583,187.34
20,C_Random_Min_Diag,34,0.7906135923407196,0.45322592959935454,0.19313770377570555,186.95
20,C_Random_Min_Diag,35,0.7904379570155606,0.45232540483724654,0.19336954894574898,186.63
20,C_Random_Min_Diag,36,0.7904136652028577,0.4518789919391827,0.19351726690559015,186.49
20,C_Random_Min_Diag,37,0.7911022572093089,0.4509454346913189,0.19390087100752912,186.19
20,C_Random_Min_Diag,38,0.791793771361754,0.4489500875205333,0.19466841093508094,185.56
20,C_Random_Min_Diag,39,0.7912516505929207,0.44773179765655513,0.1949763975867165,185.13
20,C_Random_Min_Diag,40,0.79085242067514,0.44658694048023606,0.19519385033832926,184.71
20,C_Random_Min_Diag,41,0.7918110139705674,0.44492125549793426,0.19575841981721556,184.15
20,C_Random_Min_Diag,42,0.791139381688039,0.44322022459318267,0.1962427981010252,183.56
20,C_Random_Min_Diag,43,0.7915662763152757,0.4418411872683623,0.19671501358527985,183.1
20,C_Random_Min_Diag,44,0.7902394336610402,0.43971749641959496,0.19720196762671413,182.33
20,C_Random_Min_Diag,45,0.7883033652491757,0.4365676651126496,0.19802704634971863,181.23
20,C_Random_Min_Diag,46,0.7906500863339625,0.43394666371005486,0.19938797162265778,180.45
20,C_Random_Min_Diag,47,0.7913263026353053,0.4314279616660632,0.20042424708612042,179.65
20,C_Random_Min_Diag,48,0.7937970495249909,0.4279528124827449,0.20204194658272084,178.57
20,C_Random_Min_Diag,49,0.7940520215023816,0.4248086759655555,0.20319144546959841,177.52
20,C_Random_Min_Diag,50,0.7938880236297949,0.421206474128545,0.20441563086557987,176.29
20,C_Random_Min_Diag,51,0.7924976459869021,0.4178694894479262,0.2052497799687755,175.08
20,C_Random_Min_Diag,52,0.7936476841901278,0.4136184355449511,0.20717929895294365,173.74
20,C_Random_Min_Diag,53,0.7921698394066048,0.40951653786122344,0.20842964076047465,172.28
20,C_Random_Min_Diag,54,0.791109475970081,0.4037719987085274,0.2104332006297873,170.31
20,C_Random_Min_Diag,55,0.7909773192861447,0.399242441534603,0.21228658844079637,168.82
20,C_Random_Min_Diag,56,0.7906677013296405,0.39303685050348924,0.21485108516333848,166.75
20,C_Random_Min_Diag,57,0.7900122212182694,0.38667539379607246,0.21723703623784846,164.57
20,C_Random_Min_Diag,58,0.789128508891001,0.37846888230481235,0.22025708354239262,161.73
20,C_Random_Min_Diag,59,0.7876305587191718,0.37098215874489493,0.2231517265524576,159.14
20,C_Random_Min_Diag,60,0.7882277998451316,0.36315489190525163,0.22708999209308242,156.59
20,C_Random_Min_Diag,61,0.7878552107648399,0.35379019623809227,0.2312143265233189,153.4
20,C_Random_Min_Diag,62,0.7862058558297264,0.34438136553158993,0.23524257024921838,150.16
20,C_Random_Min_Diag,63,0.7839693348379951,0.33397043946192356,0.2399049856190633,146.51
20,C_Random_Min_Diag,64,0.7826455449102485,0.32245428439730267,0.2456744800518401,142.57
20,C_Random_Min_Diag,65,0.7828045064615624,0.31141065426286707,0.2519109990179125,138.89
20,C_Random_Min_Diag,66,0.7778479488575956,0.2995106729712893,0.25784636999457555,134.71
20,C_Random_Min_Diag,67,0.7734932819529132,0.2869775837025831,0.2646507798828575,130.3
20,C_Random_Min_Diag,68,0.7672379964896409,0.27417276698180093,0.271332472288637,125.71
20,C_Random_Min_Diag,69,0.7612042554475079,0.25935579709619727,0.2802442030706295,120.47
20,C_Random_Min_Diag,70,0.7572052059708664,0.2442892925000125,0.2905899334046916,115.21
20,C_Random_Min_Diag,71,0.7515472571840582,0.2298642380192774,0.30037910593079276,110.09
20,C_Random_Min_Diag,72,0.7445443368184449,0.21558446054199315,0.3113760128644212,104.95
20,C_Random_Min_Diag,73,0.7372804826188927,0.20180480395308198,0.3227231993075691,99.9
20,C_Random_Min_Diag,74,0.7264710854452427,0.1867042686018028,0.33622007975415075,94.29
20,C_Random_Min_Diag,75,0.7192516430568189,0.1715642527695093,0.35241111687823506,88.78
20,C_Random_Min_Diag,76,0.7075921163224308,0.15692149506213282,0.36839981592808557,83.27
20,C_Random_Min_Diag,77,0.6955529721280831,0.1426103857247945,0.38595897448558714,77.83
20,C_Random_Min_Diag,78,0.6811265479453169,0.12973156289563767,0.4031885942789326,72.91
20,C_Random_Min_Diag,79,0.6649839630258404,0.11794773627099563,0.4209046455699667,68.29
20,C_Random_Min_Diag,80,0.6440822518945302,0.10592568603086852,0.43967317660048083,63.26
20,C_Random_Min_Diag,81,0.6266475884991477,0.09670386520194013,0.45675144408458146,59.36
20,C_Random_Min_Diag,82,0.6073185871469716,0.08691744238122313,0.4757283432999857,55.18
20,C_Random_Min_Diag,83,0.5814751448842443,0.07766829377271246,0.4938825479880729,50.91
20,C_Random_Min_Diag,84,0.5547004710460092,0.06969771033259323,0.5106030571011284,47.03
20,C_Random_Min_Diag,85,0.5232612018027687,0.06295983277518842,0.520830587040812,43.32
20,C_Random_Min_Diag,86,0.487939255640937,0.058132193615311786,0.5211761061999699,40.21
20,C_Random_Min_Diag,87,0.45404431323391914,0.05266291206530421,0.5272877348239369,36.89
20,C_Random_Min_Diag,88,0.4116184253924433,0.04775024584763824,0.5245856681650175,33.38
20,C_Random_Min_Diag,89,0.3694674379578247,0.04317079832097348,0.5216605618601176,30.12
20,C_Random_Min_Diag,90,0.326952288103665,0.03773380510836495,0.5205884923979621,26.55
20,C_Random_Min_Diag,91,0.28186189798140227,0.03334835454071119,0.5152170354968948,23.22
20,C_Random_Min_Diag,92,0.24755389364639602,0.02904710415209718,0.516157098468053,20.19
20,C_Random_Min_Diag,93,0.20461854730894713,0.02468138579434109,0.5083202048670123,17.0
20,C_Random_Min_Diag,94,0.1675475311841925,0.01984975383059348,0.5014673701002984,13.72
20,C_Random_Min_Diag,95,0.13181410341911215,0.015772410526616657,0.48781575695546303,10.84
20,C_Random_Min_Diag,96,0.09752874225964245,0.011990337698666831,0.4838514541014542,8.19
20,C_Random_Min_Diag,97,0.058342953552196715,0.008041878542612648,0.4630396825396826,5.33
20,C_Random_Min_Diag,98,0.030211009246728926,0.004737993175522075,0.44073809523809515,2.92
20,C_Random_Min_Diag,99,0.0,0.0,1.0,0.0
