p,c_choice,n_datasets,max_acc,max_acc_se,max_f1,max_f1_se,auc,auc_se,aupr,aupr_se,max_acc_incdiag,max_f1_incdiag,auc_incdiag,aupr_incdiag
10,C_ID,100,0.815111111111111,0.008932999418632771,0.6205694450641307,0.007960825884413675,0.7314640197778778,0.0096300740645016,0.5151790257796584,0.012036583653793901,0.8336,0.7480369595775559,0.8163400571325162,0.7906381622796462
10,C_Random_Diag,100,0.8066666666666665,0.009562052446436516,0.6051588202030593,0.008393796954188428,0.718099885370585,0.010320353668442962,0.4869799546208533,0.011222629669613541,0.826,0.7388607036471094,0.807246483717903,0.7799166811011071
10,C_Random_Full,100,0.78,0.009469004838155676,0.5125185119940796,0.007928637190191875,0.6376645718725752,0.008087552427278346,0.3907569896440865,0.011469676912570347,0.802,0.675378132929914,0.7550276140180945,0.7259350096444056
10,C_Random_Min_Diag,100,0.8126666666666668,0.008950432290359626,0.6169608035116382,0.00896537188034539,0.7286764877597188,0.00918470722931133,0.5072403430692677,0.01224086615398646,0.8314,0.7444370148794137,0.8150007843117913,0.7866635916174195
15,C_ID,100,0.8589047619047621,0.006690897694524117,0.5705144309155255,0.006105701264927115,0.7597302968597984,0.007998500008740295,0.44570777903591713,0.008995349650538482,0.8683111111111111,0.7078991258523676,0.8353749908521938,0.7448551119798935
15,C_Random_Diag,100,0.8554285714285714,0.006887206290015535,0.5566500614702681,0.007036343800467246,0.7532886463370176,0.007924621336043968,0.429889129700399,0.009526820622794226,0.8650666666666664,0.6964505904739242,0.8293730006483158,0.7382413186879677
15,C_Random_Full,100,0.8440476190476189,0.007384054957779345,0.45989295982030276,0.0065212678321756035,0.6938626089994493,0.00785171538590189,0.3383138071482191,0.008901901045568452,0.8544444444444446,0.6342172896458859,0.7910141984705724,0.6850303516030347
15,C_Random_Min_Diag,100,0.8641428571428574,0.0062170425624284405,0.5807078317110759,0.006209432772106329,0.7710749908359362,0.00770052648634683,0.45155878948050493,0.00977125923482329,0.8732000000000001,0.7149907311466523,0.842398938001661,0.7535534334972681
20,C_ID,100,0.8890263157894738,0.004960468674970446,0.5594708041918439,0.005534000197092723,0.7927562196254887,0.007257848504652021,0.4151931872274289,0.007519829816218947,0.8945750000000001,0.6955450632850233,0.8548277914382719,0.7284724981389147
20,C_Random_Diag,100,0.8901842105263157,0.005255823571283817,0.554656235126184,0.006220604604267264,0.7922984503337613,0.00735879990240596,0.4072803792155152,0.007405509921715113,0.8956750000000002,0.6943861846054111,0.8551165256117307,0.7284530349791534
20,C_Random_Full,100,0.8805526315789475,0.005625349319638931,0.4411179742440263,0.0054576302321462326,0.7240853716206754,0.006838873771961909,0.3073357986882323,0.007282417688732862,0.8865249999999998,0.6194073104504839,0.8105790239543341,0.6639044823832719
20,C_Random_Min_Diag,100,0.8907631578947368,0.005438660158088011,0.5690422647081044,0.006473017942260871,0.7953086282982765,0.00783159085021033,0.42878297916095387,0.0073741609406272595,0.8962250000000002,0.7021328032022484,0.856053978217432,0.7367586980463143
