c,k,rep,n,pen,max_f1,auc,aupr,exact,skeleton_f1,correct,reversed,hedged,both,half
C_ID,1,0,1000.0,lasso,0.6363636363636364,0.7957422324510932,0.35763390649754284,0,0.75,2,0,3,1,0
C_ID,1,1,1000.0,lasso,0.7,0.8751714677640603,0.45312249478916145,0,0.875,3,0,4,0,0
C_ID,1,2,1000.0,lasso,0.6666666666666666,0.8209876543209876,0.5367058136794979,0,0.8,3,0,3,0,0
C_ID,1,3,1000.0,lasso,0.6666666666666666,0.8401162790697674,0.45236813211013793,0,0.6666666666666666,2,0,0,0,0
C_ID,1,4,1000.0,lasso,0.5714285714285714,0.7767857142857143,0.34510582010582014,0,1.0,0,1,3,0,1
C_ID,2,0,1000.0,lasso,0.5957446808510638,0.7585714285714286,0.47928785639311955,0,0.8205128205128205,7,2,6,0,1
C_ID,2,1,1000.0,lasso,0.6956521739130435,0.6773226773226774,0.4511772890380701,0,0.8,6,0,2,0,0
C_ID,2,2,1000.0,lasso,0.56,0.7885338345864662,0.37574208598081493,0,0.7619047619047619,4,1,2,0,1
C_ID,2,3,1000.0,lasso,0.5581395348837209,0.6925866236905721,0.36899667961872984,0,0.7428571428571429,5,2,5,1,0
C_ID,2,4,1000.0,lasso,0.8125,0.8635555555555556,0.6819404933501061,0,0.9090909090909091,3,0,4,3,0
C_ID,3,0,1000.0,lasso,0.65625,0.7100056529112493,0.5066331341965779,0,0.88,8,3,8,2,1
C_ID,3,1,1000.0,lasso,0.5,0.6104209799861973,0.28754029989643143,0,0.5833333333333334,4,1,4,3,2
C_ID,3,2,1000.0,lasso,0.5263157894736842,0.6407995296884186,0.510677307084025,0,0.6666666666666666,7,2,5,1,1
C_ID,3,3,1000.0,lasso,0.6885245901639344,0.6932750136686714,0.6263619565453168,0,0.851063829787234,8,2,6,3,1
C_ID,3,4,1000.0,lasso,0.5789473684210527,0.6460020242914979,0.6172454356294333,0,0.7666666666666667,7,2,7,1,6
C_ID,4,0,1000.0,lasso,0.5151515151515151,0.5667532467532468,0.44461810350889525,0,0.7659574468085106,3,2,8,1,4
C_ID,4,1,1000.0,lasso,0.6329113924050633,0.642,0.6456442960130836,0,0.8524590163934426,9,3,6,2,6
C_ID,4,2,1000.0,lasso,0.6031746031746031,0.6539092400218699,0.5053763899253283,0,0.8846153846153846,8,5,6,1,3
C_ID,4,3,1000.0,lasso,0.625,0.6356275303643725,0.6145425845370923,0,0.8923076923076924,12,6,6,2,3
C_ID,4,4,1000.0,lasso,0.5925925925925926,0.6343623481781375,0.5781341905013623,0,0.8059701492537313,11,5,5,2,4
C_Random_Diag,1,0,1000.0,lasso,0.5714285714285714,0.8460365853658537,0.3161895396270396,0,0.631578947368421,4,0,2,0,0
C_Random_Diag,1,1,1000.0,lasso,0.7368421052631579,0.774375,0.6241842748374896,0,0.8235294117647058,5,0,2,0,0
C_Random_Diag,1,2,1000.0,lasso,0.5714285714285714,0.6875,0.27398386437908495,0,0.8571428571428571,2,1,0,0,0
C_Random_Diag,1,3,1000.0,lasso,0.5714285714285714,0.7385670731707317,0.39915691140255094,0,0.6666666666666666,2,0,1,0,1
C_Random_Diag,1,4,1000.0,lasso,0.5555555555555556,0.7166353383458648,0.28601507157203465,0,0.6666666666666666,4,0,6,0,0
C_Random_Diag,2,0,1000.0,lasso,0.75,0.7874228395061729,0.6884679446750386,0,0.7586206896551724,9,0,1,1,0
C_Random_Diag,2,1,1000.0,lasso,0.5909090909090909,0.8007518796992481,0.3345089833973964,0,0.7027027027027027,7,0,5,0,1
C_Random_Diag,2,2,1000.0,lasso,0.6666666666666666,0.7182486631016043,0.502075788103921,0,0.7428571428571429,5,0,5,2,1
C_Random_Diag,2,3,1000.0,lasso,0.5833333333333334,0.7042857142857143,0.38035564229398033,0,0.7317073170731707,8,2,3,1,1
C_Random_Diag,2,4,1000.0,lasso,0.4444444444444444,0.6313344594594594,0.2595574319830163,0,0.5185185185185185,6,1,0,0,0
C_Random_Diag,3,0,1000.0,lasso,0.5454545454545454,0.6682692307692307,0.4544014914593193,0,0.7727272727272727,5,3,4,1,4
C_Random_Diag,3,1,1000.0,lasso,0.4057971014492754,0.46938217605248767,0.31239771807962685,0,0.7142857142857143,4,7,6,1,2
C_Random_Diag,3,2,1000.0,lasso,0.6545454545454545,0.6856205576817933,0.5714787452685316,0,0.782608695652174,10,1,5,1,1
C_Random_Diag,3,3,1000.0,lasso,0.5882352941176471,0.716,0.5591661014664855,0,0.7317073170731707,5,1,5,1,3
C_Random_Diag,3,4,1000.0,lasso,0.6197183098591549,0.6505926724137931,0.5490156915886006,0,0.7272727272727273,8,1,6,3,2
C_Random_Diag,4,0,1000.0,lasso,0.6444444444444445,0.6697179614052449,0.7342588273008311,0,0.8732394366197183,11,5,3,3,9
C_Random_Diag,4,1,1000.0,lasso,0.5542168674698795,0.6005475360876057,0.6136725202419339,0,0.8285714285714286,11,7,3,1,7
C_Random_Diag,4,2,1000.0,lasso,0.576271186440678,0.6225,0.44471543648867146,0,0.8181818181818182,4,4,5,3,2
C_Random_Diag,4,3,1000.0,lasso,0.5230769230769231,0.6213942307692308,0.37262843855094735,0,0.6,4,1,4,3,3
C_Random_Diag,4,4,1000.0,lasso,0.6329113924050633,0.6024797570850202,0.5755615698975891,0,0.8135593220338984,6,3,7,4,4
C_Random_Min_Diag,1,0,1000.0,lasso,0.6,0.8924268502581756,0.3826595781299614,0,0.8,2,0,4,0,0
C_Random_Min_Diag,1,1,1000.0,lasso,0.5555555555555556,0.8657487091222031,0.2930617824235433,0,0.8,2,1,3,0,0
C_Random_Min_Diag,1,2,1000.0,lasso,0.48,0.7147435897435896,0.37951005697253604,0,0.5454545454545454,3,0,3,0,0
C_Random_Min_Diag,1,3,1000.0,lasso,0.6153846153846154,0.8898809523809523,0.32451099479062306,0,0.7272727272727273,2,0,2,0,0
C_Random_Min_Diag,1,4,1000.0,lasso,0.5806451612903226,0.8237179487179488,0.37334876974371045,0,0.7692307692307693,4,2,3,1,0
C_Random_Min_Diag,2,0,1000.0,lasso,0.5853658536585366,0.8154560810810811,0.4826725849651538,0,0.8,6,2,5,0,1
C_Random_Min_Diag,2,1,1000.0,lasso,0.7037037037037037,0.726476314081765,0.45019434093147,0,0.8095238095238095,7,1,5,3,1
C_Random_Min_Diag,2,2,1000.0,lasso,0.5625,0.8073308270676691,0.4310085460952058,0,0.8461538461538461,3,2,5,0,1
C_Random_Min_Diag,2,3,1000.0,lasso,0.7058823529411765,0.8846153846153848,0.47042216170631845,0,0.8461538461538461,4,0,5,1,1
C_Random_Min_Diag,2,4,1000.0,lasso,0.3728813559322034,0.5777777777777777,0.19192644809241027,0,0.5217391304347826,2,2,7,1,0
C_Random_Min_Diag,3,0,1000.0,lasso,0.5230769230769231,0.6034024455077087,0.5547922043715003,0,0.7083333333333334,4,3,5,3,2
C_Random_Min_Diag,3,1,1000.0,lasso,0.6938775510204082,0.7887735236859184,0.5728061702008272,0,0.8205128205128205,7,0,6,1,2
C_Random_Min_Diag,3,2,1000.0,lasso,0.7352941176470589,0.7721928277483834,0.5107975813455516,0,0.9230769230769231,9,1,11,2,1
C_Random_Min_Diag,3,3,1000.0,lasso,0.7547169811320755,0.7652307692307693,0.5755553019189565,0,0.8205128205128205,6,1,3,5,1
C_Random_Min_Diag,3,4,1000.0,lasso,0.6818181818181818,0.738440303657695,0.4248501720652888,0,0.8333333333333334,9,0,5,0,1
C_Random_Min_Diag,4,0,1000.0,lasso,0.5901639344262295,0.7067307692307693,0.5248326894656227,0,0.8936170212765957,7,4,8,1,1
C_Random_Min_Diag,4,1,1000.0,lasso,0.647887323943662,0.6905864197530864,0.7017348804031132,0,0.8,5,2,5,5,3
C_Random_Min_Diag,4,2,1000.0,lasso,0.5806451612903226,0.6141975308641976,0.49206003010092614,0,0.6086956521739131,6,0,4,4,0
C_Random_Min_Diag,4,3,1000.0,lasso,0.5542168674698795,0.5548418972332017,0.5630187357952409,0,0.7619047619047619,4,3,8,2,7
C_Random_Min_Diag,4,4,1000.0,lasso,0.5185185185185185,0.6171875,0.37553051859965036,0,0.6829268292682927,3,2,5,2,2
C_Random_Full,1,0,1000.0,lasso,0.4444444444444444,0.6020299145299146,0.3039362811520272,0,0.5517241379310345,5,0,2,0,1
C_Random_Full,1,1,1000.0,lasso,0.3018867924528302,0.5995397008055235,0.22513414221043695,0,0.46511627906976744,4,2,4,0,0
C_Random_Full,1,2,1000.0,lasso,0.41379310344827586,0.7228915662650602,0.1621655827095898,0,0.6086956521739131,2,1,4,0,0
C_Random_Full,1,3,1000.0,lasso,0.56,0.7553418803418803,0.3454895299977005,0,0.6363636363636364,4,0,1,0,2
C_Random_Full,1,4,1000.0,lasso,0.4,0.6452067669172933,0.23098234469363058,0,0.6875,3,3,4,0,1
C_Random_Full,2,0,1000.0,lasso,0.5555555555555556,0.6529447115384616,0.5137758455734307,0,0.7,5,0,5,1,3
C_Random_Full,2,1,1000.0,lasso,0.5652173913043478,0.6818181818181819,0.4034567551780452,0,0.7777777777777778,4,2,3,1,4
C_Random_Full,2,2,1000.0,lasso,0.46808510638297873,0.6452702702702702,0.2630441850754005,0,0.6341463414634146,7,2,3,0,1
C_Random_Full,2,3,1000.0,lasso,0.4444444444444444,0.6873126873126874,0.35968894629450676,0,0.5714285714285714,5,1,3,1,0
C_Random_Full,2,4,1000.0,lasso,0.5365853658536586,0.6442857142857142,0.44589333746466453,0,0.7333333333333333,2,1,5,1,2
C_Random_Full,3,0,1000.0,lasso,0.5833333333333334,0.564385775862069,0.40484885867562104,0,0.7857142857142857,5,3,8,2,4
C_Random_Full,3,1,1000.0,lasso,0.4745762711864407,0.56640625,0.37528602821174695,0,0.7755102040816326,5,5,7,0,2
C_Random_Full,3,2,1000.0,lasso,0.39285714285714285,0.54574951330305,0.38095255536765504,0,0.6222222222222222,3,4,5,1,1
C_Random_Full,3,3,1000.0,lasso,0.5333333333333333,0.6268028846153846,0.38710779228313164,0,0.7272727272727273,3,3,6,3,1
C_Random_Full,3,4,1000.0,lasso,0.5245901639344263,0.5936059907834101,0.48549549347727955,0,0.7083333333333334,4,2,7,1,3
C_Random_Full,4,0,1000.0,lasso,0.5952380952380952,0.5920856147336984,0.5819973904966591,0,0.8387096774193549,6,6,3,5,6
C_Random_Full,4,1,1000.0,lasso,0.6136363636363636,0.5719940623453736,0.5157520810982607,0,0.8059701492537313,8,4,6,4,5
C_Random_Full,4,2,1000.0,lasso,0.4675324675324675,0.5276448697501329,0.42322146458179727,0,0.7096774193548387,6,6,6,2,2
C_Random_Full,4,3,1000.0,lasso,0.5411764705882353,0.5108641975308642,0.4859859843862663,0,0.8307692307692308,7,5,7,1,7
C_Random_Full,4,4,1000.0,lasso,0.5882352941176471,0.603219696969697,0.48070159114864874,0,0.6829268292682927,6,0,4,1,3
C_ID,1,0,inf,lasso,0.8,0.9085155350978136,0.5054783929289858,0,0.9473684210526315,4,0,3,1,1
C_ID,1,0,inf,MCP,0.46153846153846156,0.6478711162255466,0.24839800351163982,0,0.782608695652174,3,3,1,0,2
C_ID,1,0,inf,SCAD,0.7058823529411765,0.7629459148446489,0.37086757568040984,0,0.7142857142857143,4,0,0,1,0
C_ID,1,1,inf,lasso,0.7272727272727273,0.9506172839506173,0.47826630522708957,0,0.9473684210526315,5,1,3,0,0
C_ID,1,1,inf,MCP,0.75,0.8319615912208504,0.49037999037999036,0,0.875,6,1,0,0,0
C_ID,1,1,inf,SCAD,0.7,0.8278463648834018,0.421233164983165,0,0.9,7,2,0,0,0
C_ID,1,2,inf,lasso,0.6956521739130435,0.845679012345679,0.602068697539712,0,0.8888888888888888,3,0,5,0,0
C_ID,1,2,inf,MCP,0.6666666666666666,0.7215363511659807,0.5172158088824755,0,0.8,5,1,0,0,0
C_ID,1,2,inf,SCAD,0.631578947368421,0.7901234567901234,0.5533590921748816,0,1.0,5,3,1,0,0
C_ID,1,3,inf,lasso,0.7272727272727273,0.9825581395348838,0.5422619047619047,0,1.0,1,0,3,0,0
C_ID,1,3,inf,MCP,0.4444444444444444,0.5959302325581396,0.11041666666666665,0,0.75,1,1,1,0,0
C_ID,1,3,inf,SCAD,0.6,0.7325581395348838,0.2867063492063492,0,0.8888888888888888,2,1,1,0,0
C_ID,1,4,inf,lasso,0.6153846153846154,0.8154761904761904,0.5123015873015873,0,1.0,1,1,2,0,1
C_ID,1,4,inf,MCP,0.7272727272727273,0.8224206349206349,0.5861111111111111,0,1.0,3,1,0,0,1
C_ID,1,4,inf,SCAD,0.6153846153846154,0.7371031746031745,0.47500000000000003,0,1.0,1,1,2,0,1
C_ID,1,5,inf,lasso,0.8571428571428571,0.9835390946502058,0.8419632836299503,0,1.0,6,0,3,0,0
C_ID,1,5,inf,MCP,0.8888888888888888,0.9128943758573387,0.8276455026455026,0,1.0,8,1,0,0,0
C_ID,1,5,inf,SCAD,0.8888888888888888,0.9128943758573389,0.8140837127271235,0,1.0,8,1,0,0,0
C_ID,1,6,inf,lasso,0.7,0.9466437177280551,0.38912159269302127,0,0.8,3,0,2,1,0
C_ID,1,6,inf,MCP,0.5,0.7934595524956971,0.2548185941043084,0,0.6666666666666666,3,2,0,1,0
C_ID,1,6,inf,SCAD,0.5,0.729776247848537,0.23206674278102848,0,0.6666666666666666,3,2,0,1,0
C_ID,1,7,inf,lasso,0.7368421052631579,0.8940548780487805,0.433597132034632,0,0.9333333333333333,3,0,3,0,1
C_ID,1,7,inf,MCP,0.5,0.7332317073170732,0.2586704961704962,0,0.8,4,2,0,0,0
C_ID,1,7,inf,SCAD,0.47058823529411764,0.6608231707317073,0.21325539044289044,0,0.8,3,2,1,0,0
C_ID,1,8,inf,lasso,0.7741935483870968,0.8995726495726495,0.515328642089478,0,0.88,6,0,4,1,0
C_ID,1,8,inf,MCP,0.6086956521739131,0.7980769230769231,0.4306814947536696,0,0.8181818181818182,7,2,0,0,0
C_ID,1,8,inf,SCAD,0.6923076923076923,0.8477564102564104,0.4621518493761141,0,0.8,9,1,0,0,0
C_ID,1,9,inf,lasso,0.72,0.8987499999999999,0.6173049173049174,0,0.9,5,0,4,0,0
C_ID,1,9,inf,MCP,0.9523809523809523,0.98875,0.8756493506493506,0,0.9523809523809523,10,0,0,0,0
C_ID,1,9,inf,SCAD,0.9090909090909091,0.9681249999999999,0.7241540404040403,0,0.9523809523809523,9,0,1,0,0
C_ID,1,10,inf,lasso,0.6428571428571429,0.831415420023015,0.4260675561811926,0,0.782608695652174,4,0,4,0,1
C_ID,1,10,inf,MCP,0.21621621621621623,0.5276179516685846,0.13477799977799979,0,0.45714285714285713,3,4,0,0,1
C_ID,1,10,inf,SCAD,0.42105263157894735,0.6110471806674339,0.2677022093422349,0,0.5882352941176471,2,1,1,0,1
C_ID,1,11,inf,lasso,0.8571428571428571,0.9801097393689986,0.7740460157126824,0,1.0,4,0,3,1,0
C_ID,1,11,inf,MCP,0.6,0.7750342935528121,0.5403338945005611,0,0.8421052631578947,5,2,0,0,1
C_ID,1,11,inf,SCAD,0.6666666666666666,0.7832647462277091,0.5721428571428571,0,0.875,4,1,1,0,1
C_ID,1,12,inf,lasso,0.8387096774193549,0.9417293233082706,0.7434914216133681,0,0.9166666666666666,6,0,3,2,0
C_ID,1,12,inf,MCP,0.6956521739130435,0.7716165413533835,0.6214463436889908,0,0.8571428571428571,6,1,0,0,2
C_ID,1,12,inf,SCAD,0.8,0.7406015037593985,0.6056316766728899,0,0.9166666666666666,6,1,2,2,0
C_ID,1,13,inf,lasso,0.7142857142857143,0.8330464716006886,0.5550017442874585,0,0.8333333333333334,3,0,2,0,0
C_ID,1,13,inf,MCP,0.5714285714285714,0.7555938037865749,0.4527210884353741,0,0.7692307692307693,3,1,1,0,0
C_ID,1,13,inf,SCAD,0.5333333333333333,0.7530120481927711,0.42857142857142855,0,0.7142857142857143,3,1,1,0,0
C_ID,1,14,inf,lasso,0.7692307692307693,0.9776470588235294,0.680595238095238,0,1.0,2,0,3,0,0
C_ID,1,14,inf,MCP,0.7272727272727273,0.8823529411764706,0.6602525252525253,0,0.9090909090909091,4,1,0,0,0
C_ID,1,14,inf,SCAD,0.7272727272727273,0.8788235294117647,0.6252525252525252,0,0.9090909090909091,4,1,0,0,0
C_ID,1,15,inf,lasso,0.8,0.9801587301587301,0.7428571428571429,0,1.0,3,0,3,0,0
C_ID,1,15,inf,MCP,0.6666666666666666,0.8154761904761904,0.6517857142857142,0,0.9090909090909091,3,1,1,0,0
C_ID,1,15,inf,SCAD,0.7142857142857143,0.8164682539682538,0.6472222222222221,0,0.9230769230769231,4,1,1,0,0
C_ID,1,16,inf,lasso,0.8333333333333334,0.9503205128205128,0.6279484717352364,0,0.9090909090909091,8,0,2,0,0
C_ID,1,16,inf,MCP,0.782608695652174,0.858440170940171,0.6105831668331669,0,0.8695652173913043,9,1,0,0,0
C_ID,1,16,inf,SCAD,0.75,0.8573717948717949,0.5735757890309057,0,0.8333333333333334,9,1,0,0,0
C_ID,1,17,inf,lasso,0.7333333333333333,0.8436563436563437,0.41539590011383243,0,0.9565217391304348,4,1,5,1,0
C_ID,1,17,inf,MCP,0.3333333333333333,0.528971028971029,0.1907063610623982,0,0.7586206896551724,4,6,0,0,1
C_ID,1,17,inf,SCAD,0.6,0.7522477522477522,0.34029045991715673,0,0.8275862068965517,8,3,0,0,1
C_ID,1,18,inf,lasso,0.6956521739130435,0.8909465020576133,0.5641588548846612,0,0.8888888888888888,4,0,4,0,0
C_ID,1,18,inf,MCP,0.5714285714285714,0.7633744855967078,0.5033379774759085,0,0.9,5,3,1,0,0
C_ID,1,18,inf,SCAD,0.5263157894736842,0.746227709190672,0.44139516075790586,0,0.7777777777777778,4,2,1,0,0
C_ID,1,19,inf,lasso,0.72,0.8843749999999999,0.5260665126067603,0,0.9,4,0,5,0,0
C_ID,1,19,inf,MCP,0.5714285714285714,0.7212500000000001,0.42976314872866594,0,0.8571428571428571,6,3,0,0,0
C_ID,1,19,inf,SCAD,0.5454545454545454,0.588125,0.3252911953166622,0,0.8571428571428571,5,3,1,0,0
C_ID,1,20,inf,lasso,0.6428571428571429,0.8210470085470086,0.6108089622795505,0,0.8695652173913043,5,1,4,0,0
C_ID,1,20,inf,MCP,0.6956521739130435,0.8360042735042735,0.6818592083297965,0,0.9090909090909091,8,2,0,0,0
C_ID,1,20,inf,SCAD,0.5384615384615384,0.7313034188034189,0.5429045355515943,0,0.8333333333333334,6,3,1,0,0
C_ID,1,21,inf,lasso,0.64,0.7793749999999999,0.3491943187531423,0,0.8888888888888888,1,0,7,0,0
C_ID,1,21,inf,MCP,0.5882352941176471,0.7762500000000001,0.3545541958041958,0,0.8235294117647058,5,2,0,0,0
C_ID,1,21,inf,SCAD,0.6,0.6599999999999999,0.25874912124912125,0,0.7777777777777778,4,1,2,0,0
C_ID,1,22,inf,lasso,0.7407407407407407,0.943125,0.48290188977688975,0,0.8695652173913043,6,0,4,0,0
C_ID,1,22,inf,MCP,0.6153846153846154,0.8287500000000001,0.44136752136752144,0,0.8,7,2,1,0,0
C_ID,1,22,inf,SCAD,0.5,0.7112499999999999,0.3184704612839288,0,0.75,6,3,0,0,0
C_ID,1,23,inf,lasso,0.7692307692307693,0.9593253968253967,0.48703703703703705,0,0.9090909090909091,3,0,2,0,0
C_ID,1,23,inf,MCP,0.35294117647058826,0.6785714285714286,0.23634108946608945,0,0.7058823529411765,3,3,0,0,0
C_ID,1,23,inf,SCAD,0.42857142857142855,0.6884920634920635,0.27326388888888886,0,0.6153846153846154,2,1,1,0,0
C_ID,1,24,inf,lasso,0.7619047619047619,0.943758573388203,0.44326599326599325,0,0.8888888888888888,5,0,3,0,0
C_ID,1,24,inf,MCP,0.4,0.5733882030178326,0.19814814814814816,0,0.6666666666666666,3,2,0,0,0
C_ID,1,24,inf,SCAD,0.5714285714285714,0.6460905349794238,0.2502759223347458,0,0.8421052631578947,4,2,2,0,0
C_ID,2,0,inf,lasso,0.6274509803921569,0.7835714285714286,0.5220289462328935,0,0.8292682926829268,6,1,9,0,1
C_ID,2,0,inf,MCP,0.5625,0.6585714285714286,0.45767498505824417,0,0.7096774193548387,8,2,0,0,1
C_ID,2,0,inf,SCAD,0.6190476190476191,0.6689285714285714,0.46666007037562646,0,0.8421052631578947,10,3,2,0,1
C_ID,2,1,inf,lasso,0.8,0.905094905094905,0.6478986498669757,0,0.8571428571428571,6,0,2,1,0
C_ID,2,1,inf,MCP,0.5454545454545454,0.7087912087912088,0.4240459682767375,0,0.7619047619047619,6,2,0,0,0
C_ID,2,1,inf,SCAD,0.75,0.8196803196803196,0.5591078004121482,0,0.8571428571428571,6,0,2,0,1
C_ID,2,2,inf,lasso,0.6666666666666666,0.868421052631579,0.45555588979822453,0,0.8148148148148148,4,0,5,1,1
C_ID,2,2,inf,MCP,0.5,0.6766917293233083,0.3274042950513538,0,0.6666666666666666,4,1,1,0,1
C_ID,2,2,inf,SCAD,0.5833333333333334,0.724624060150376,0.38869294094449375,0,0.7272727272727273,5,1,0,0,2
C_ID,2,3,inf,lasso,0.6666666666666666,0.8581788879935536,0.4918735549894354,0,0.7777777777777778,7,0,6,1,0
C_ID,2,3,inf,MCP,0.5294117647058824,0.6825141015310233,0.38421281424892073,0,0.7878787878787878,8,4,0,0,1
C_ID,2,3,inf,SCAD,0.6111111111111112,0.5439161966156325,0.323253474866525,0,0.8387096774193549,6,3,3,1,0
C_ID,2,4,inf,lasso,0.8484848484848485,0.9608888888888889,0.7261192902957609,0,0.9565217391304348,4,0,4,3,0
C_ID,2,4,inf,MCP,0.72,0.7742222222222221,0.5731443784410316,0,0.9090909090909091,6,1,0,0,3
C_ID,2,4,inf,SCAD,0.7142857142857143,0.7773333333333334,0.5605707034511382,0,0.9090909090909091,4,1,2,1,2
C_ID,2,5,inf,lasso,0.7058823529411765,0.8644425675675675,0.5951016951798203,0,0.8461538461538461,4,0,3,1,3
C_ID,2,5,inf,MCP,0.3870967741935484,0.5008445945945946,0.28278379606504606,0,0.8,1,4,2,0,3
C_ID,2,5,inf,SCAD,0.5161290322580645,0.5464527027027026,0.31338406915353045,0,0.8571428571428571,0,2,5,1,1
C_ID,2,6,inf,lasso,0.6666666666666666,0.8841158841158842,0.3831574817427228,0,0.7586206896551724,8,0,3,0,0
C_ID,2,6,inf,MCP,0.6666666666666666,0.7327672327672328,0.3671943905221497,0,0.7692307692307693,8,1,1,0,0
C_ID,2,6,inf,SCAD,0.7142857142857143,0.8061938061938063,0.3563608720430479,0,0.8461538461538461,9,1,1,0,0
C_ID,2,7,inf,lasso,0.5333333333333333,0.7028571428571428,0.3640121660910355,0,0.7368421052631579,6,2,6,0,0
C_ID,2,7,inf,MCP,0.46511627906976744,0.604642857142857,0.3225012714917772,0,0.8095238095238095,9,7,0,0,1
C_ID,2,7,inf,SCAD,0.5581395348837209,0.6942857142857142,0.3699242881354806,0,0.7804878048780488,10,4,1,0,1
C_ID,2,8,inf,lasso,0.7755102040816326,0.854153846153846,0.6622749130970154,0,0.926829268292683,11,1,4,1,2
C_ID,2,8,inf,MCP,0.6808510638297872,0.7350769230769232,0.5784962024330446,0,0.9090909090909091,14,4,0,0,2
C_ID,2,8,inf,SCAD,0.6956521739130435,0.6984615384615386,0.5461164100101131,0,0.8717948717948718,10,2,3,1,1
C_ID,2,9,inf,lasso,0.6896551724137931,0.8433277027027027,0.599593178847726,0,0.8461538461538461,7,1,2,0,1
C_ID,2,9,inf,MCP,0.6153846153846154,0.6870777027027027,0.4929142453259301,0,0.8,7,2,0,0,1
C_ID,2,9,inf,SCAD,0.6896551724137931,0.7174831081081081,0.5002606783785274,0,0.8,6,1,2,1,0
C_ID,2,10,inf,lasso,0.6666666666666666,0.856418918918919,0.6609512211578745,0,0.8666666666666667,5,1,6,1,0
C_ID,2,10,inf,MCP,0.48,0.5996621621621621,0.4691292651300517,0,0.6956521739130435,4,2,1,0,1
C_ID,2,10,inf,SCAD,0.5517241379310345,0.6220439189189189,0.4976529213791442,0,0.8,4,3,2,1,0
C_ID,2,11,inf,lasso,0.6530612244897959,0.7714285714285715,0.41316307218032555,0,0.8292682926829268,8,1,8,0,0
C_ID,2,11,inf,MCP,0.3902439024390244,0.5092857142857142,0.25644313197767143,0,0.6829268292682927,8,6,0,0,0
C_ID,2,11,inf,SCAD,0.4782608695652174,0.6,0.30693863520465986,0,0.7391304347826086,11,6,0,0,0
C_ID,2,12,inf,lasso,0.5,0.6789285714285714,0.425990749101209,0,0.7428571428571429,4,2,7,0,0
C_ID,2,12,inf,MCP,0.4230769230769231,0.6110714285714286,0.35264379058401624,0,0.6666666666666666,10,6,0,0,1
C_ID,2,12,inf,SCAD,0.45454545454545453,0.5042857142857142,0.33984814696496884,0,0.7,6,4,3,0,1
C_ID,2,13,inf,lasso,0.6857142857142857,0.8250000000000001,0.7084116781753742,0,0.7142857142857143,6,0,2,2,0
C_ID,2,13,inf,MCP,0.625,0.6357142857142857,0.5563344822448083,0,0.7586206896551724,8,1,0,0,2
C_ID,2,13,inf,SCAD,0.7058823529411765,0.6996428571428572,0.6056751748060272,0,0.7142857142857143,7,0,1,2,0
C_ID,2,14,inf,lasso,0.6666666666666666,0.8225308641975309,0.49799900535194647,0,0.85,10,2,4,0,1
C_ID,2,14,inf,MCP,0.5238095238095238,0.6469907407407407,0.365295198628532,0,0.8,9,5,1,0,1
C_ID,2,14,inf,SCAD,0.65,0.7337962962962963,0.44743090709753275,0,0.8717948717948718,12,4,0,0,1
C_ID,2,15,inf,lasso,0.7647058823529411,0.9130067567567568,0.7511110056197299,0,0.8666666666666667,9,0,4,0,0
C_ID,2,15,inf,MCP,0.8,0.8353040540540541,0.7255990088694829,0,0.8666666666666667,12,1,0,0,0
C_ID,2,15,inf,SCAD,0.7647058823529411,0.7880067567567568,0.6615266620623874,0,0.8666666666666667,9,0,4,0,0
C_ID,2,16,inf,lasso,0.6666666666666666,0.8801198801198801,0.38340169002845986,0,0.7857142857142857,6,0,5,0,0
C_ID,2,16,inf,MCP,0.6153846153846154,0.7017982017982017,0.2961132987448777,0,0.7692307692307693,8,2,0,0,0
C_ID,2,16,inf,SCAD,0.6428571428571429,0.7167832167832169,0.32015391509318636,0,0.9230769230769231,7,3,2,0,0
C_ID,2,17,inf,lasso,0.6382978723404256,0.7939285714285713,0.5422799251881734,0,0.7878787878787878,3,0,7,2,1
C_ID,2,17,inf,MCP,0.6,0.6964285714285714,0.5085602659994388,0,0.7647058823529411,8,2,0,1,2
C_ID,2,17,inf,SCAD,0.4864864864864865,0.5867857142857142,0.4171455009721664,0,0.7333333333333333,4,2,3,0,2
C_ID,2,18,inf,lasso,0.6222222222222222,0.7833614864864864,0.3401629635601031,0,0.7647058823529411,4,0,8,1,0
C_ID,2,18,inf,MCP,0.36363636363636365,0.4497466216216216,0.18158233973950888,0,0.7096774193548387,5,5,0,0,1
C_ID,2,18,inf,SCAD,0.5641025641025641,0.6803209459459459,0.2850943252098143,0,0.7096774193548387,5,1,4,1,0
C_ID,2,19,inf,lasso,0.7407407407407407,0.8684444444444445,0.6513656231850424,0,0.782608695652174,6,0,2,1,0
C_ID,2,19,inf,MCP,0.6666666666666666,0.7284444444444444,0.5486944783611449,0,0.782608695652174,7,1,0,0,1
C_ID,2,19,inf,SCAD,0.8,0.7919999999999999,0.6185449381772911,0,0.782608695652174,8,0,0,1,0
C_ID,2,20,inf,lasso,0.717948717948718,0.870777027027027,0.5040224610214697,0,0.9411764705882353,9,2,5,0,0
C_ID,2,20,inf,MCP,0.5294117647058824,0.674831081081081,0.3881134716732543,0,0.8823529411764706,9,6,0,0,0
C_ID,2,20,inf,SCAD,0.7777777777777778,0.8648648648648647,0.5712830776249894,0,0.8888888888888888,14,2,0,0,0
C_ID,2,21,inf,lasso,0.7142857142857143,0.7514101531023367,0.35174751325465403,0,0.8823529411764706,8,0,6,0,1
C_ID,2,21,inf,MCP,0.32558139534883723,0.49033037872683316,0.19591380361276556,0,0.5853658536585366,5,5,1,0,1
C_ID,2,21,inf,SCAD,0.5405405405405406,0.5471394037066881,0.23700443908480043,0,0.6285714285714286,9,1,1,0,0
C_ID,2,22,inf,lasso,0.6818181818181818,0.7964113181504485,0.657336742469829,0,0.8648648648648649,10,1,5,0,0
C_ID,2,22,inf,MCP,0.6190476190476191,0.6725327812284334,0.6091873915558126,0,0.926829268292683,12,6,0,0,1
C_ID,2,22,inf,SCAD,0.7027027027027027,0.6853002070393375,0.6154139395992814,0,0.8571428571428571,12,2,1,0,0
C_ID,2,23,inf,lasso,0.6363636363636364,0.7687348912167608,0.3594482526293672,0,0.8,6,0,7,0,1
C_ID,2,23,inf,MCP,0.4888888888888889,0.612812248186946,0.26113273638952017,0,0.6666666666666666,9,4,0,1,0
C_ID,2,23,inf,SCAD,0.55,0.6716357775987107,0.3162035146539434,0,0.6666666666666666,9,2,0,1,0
C_ID,2,24,inf,lasso,0.7096774193548387,0.8289473684210527,0.6190033420731045,0,0.88,5,0,4,0,2
C_ID,2,24,inf,MCP,0.72,0.7763157894736843,0.5834291040670961,0,0.8181818181818182,7,0,1,0,1
C_ID,2,24,inf,SCAD,0.6206896551724138,0.7697368421052633,0.5596737587809016,0,0.75,5,0,2,0,2
C_ID,3,0,inf,lasso,0.7058823529411765,0.7560768795929904,0.551344982076419,0,0.8888888888888888,11,2,7,2,2
C_ID,3,0,inf,MCP,0.5106382978723404,0.6382136800452232,0.5343775883529719,0,0.7906976744186046,10,5,0,0,2
C_ID,3,0,inf,SCAD,0.5714285714285714,0.6175805539853023,0.4734687666463252,0,0.8372093023255814,10,4,2,0,2
C_ID,3,1,inf,lasso,0.49122807017543857,0.6197377501725327,0.29404820957637684,0,0.5365853658536586,3,0,5,3,0
C_ID,3,1,inf,MCP,0.5,0.6259489302967564,0.32646983116503986,0,0.6222222222222222,7,2,0,1,4
C_ID,3,1,inf,SCAD,0.4827586206896552,0.6383712905452035,0.31435836361712277,0,0.6,7,2,2,1,3
C_ID,3,2,inf,lasso,0.5,0.5861258083480305,0.4750266668867955,0,0.5555555555555556,8,0,1,0,1
C_ID,3,2,inf,MCP,0.4864864864864865,0.6440329218106996,0.5418027799235889,0,0.5882352941176471,8,1,0,0,1
C_ID,3,2,inf,SCAD,0.5581395348837209,0.5993533215755438,0.4992036538300111,0,0.7368421052631579,9,2,2,0,1
C_ID,3,3,inf,lasso,0.6875,0.7331875341716785,0.6394163740716423,0,0.8571428571428571,8,2,7,3,1
C_ID,3,3,inf,MCP,0.6545454545454545,0.7463094587206123,0.6929267987657521,0,0.84,15,3,0,0,3
C_ID,3,3,inf,SCAD,0.696969696969697,0.7266265718972116,0.6380604982977001,0,0.8,17,2,0,1,4
C_ID,3,4,inf,lasso,0.6486486486486487,0.6978744939271255,0.669308059034746,0,0.8524590163934426,12,3,4,1,6
C_ID,3,4,inf,MCP,0.6470588235294118,0.6907894736842105,0.6663439532090083,0,0.9,15,5,0,0,7
C_ID,3,4,inf,SCAD,0.6486486486486487,0.6837044534412955,0.6613803008918018,0,0.8484848484848485,17,4,0,0,7
C_ID,3,5,inf,lasso,0.6896551724137931,0.7775384615384616,0.5745044440168728,0,0.8444444444444444,8,1,8,2,0
C_ID,3,5,inf,MCP,0.6046511627906976,0.6427692307692308,0.5347206533836122,0,0.8,11,3,0,0,2
C_ID,3,5,inf,SCAD,0.625,0.696923076923077,0.5197936061077727,0,0.8780487804878049,9,5,2,2,0
C_ID,3,6,inf,lasso,0.5423728813559322,0.6241666666666665,0.5603612964753838,0,0.782608695652174,6,4,4,2,2
C_ID,3,6,inf,MCP,0.5666666666666667,0.6777777777777777,0.6372274087421972,0,0.7777777777777778,12,4,0,0,5
C_ID,3,6,inf,SCAD,0.5230769230769231,0.6288888888888889,0.5505985457946235,0,0.7796610169491526,11,6,0,0,6
C_ID,3,7,inf,lasso,0.6415094339622641,0.7472956730769231,0.6125154835305213,0,0.7906976744186046,7,1,7,1,1
C_ID,3,7,inf,MCP,0.5,0.606670673076923,0.5209981355983381,0,0.76,11,6,0,0,2
C_ID,3,7,inf,SCAD,0.5217391304347826,0.5799278846153846,0.5118430918484411,0,0.6976744186046512,9,3,1,0,2
C_ID,3,8,inf,lasso,0.72,0.8166774821544451,0.6982326603505016,0,0.7894736842105263,6,1,2,4,2
C_ID,3,8,inf,MCP,0.6046511627906976,0.6512005191434133,0.5285496325289701,0,0.918918918918919,7,4,0,0,6
C_ID,3,8,inf,SCAD,0.6666666666666666,0.7225827384815056,0.6246496765355183,0,0.7857142857142857,3,1,2,3,2
C_ID,3,9,inf,lasso,0.6956521739130435,0.8423050379572118,0.5975664541606309,0,0.8823529411764706,4,1,7,2,1
C_ID,3,9,inf,MCP,0.6111111111111112,0.6459627329192547,0.4785353096581535,0,0.9090909090909091,8,4,0,0,3
C_ID,3,9,inf,SCAD,0.7142857142857143,0.5779848171152518,0.43507840798888187,0,0.9142857142857143,8,2,3,1,2
C_ID,3,10,inf,lasso,0.676056338028169,0.7392207792207792,0.6586332647626808,0,0.7777777777777778,7,1,5,4,4
C_ID,3,10,inf,MCP,0.5964912280701754,0.6649350649350649,0.6349226772802196,0,0.7755102040816326,11,2,0,0,6
C_ID,3,10,inf,SCAD,0.6363636363636364,0.6841558441558441,0.6184669943482803,0,0.8571428571428571,11,3,2,0,8
C_ID,3,11,inf,lasso,0.7457627118644068,0.8063877897117016,0.6715522398788211,0,0.9090909090909091,7,1,5,3,4
C_ID,3,11,inf,MCP,0.5238095238095238,0.5477671000565292,0.475058734391568,0,0.7428571428571429,5,2,0,0,6
C_ID,3,11,inf,SCAD,0.5833333333333334,0.6065573770491803,0.506713242833678,0,0.8108108108108109,4,2,3,1,5
C_ID,3,12,inf,lasso,0.5666666666666667,0.6407574901074052,0.5164300754881774,0,0.8627450980392157,9,5,6,0,2
C_ID,3,12,inf,MCP,0.5652173913043478,0.6594120972300734,0.555652468963828,0,0.7906976744186046,11,4,0,0,2
C_ID,3,12,inf,SCAD,0.6785714285714286,0.7368569813453929,0.586685197349491,0,0.9019607843137255,14,4,2,0,3
C_ID,3,13,inf,lasso,0.7647058823529411,0.8030303030303032,0.6949345536520086,0,0.9166666666666666,6,1,6,5,4
C_ID,3,13,inf,MCP,0.5079365079365079,0.5925039872408293,0.5556965888428737,0,0.8148148148148148,7,6,0,0,9
C_ID,3,13,inf,SCAD,0.5555555555555556,0.5667198298777246,0.5373472073029518,0,0.8292682926829268,4,4,2,2,5
C_ID,3,14,inf,lasso,0.7659574468085106,0.8435714285714286,0.5527410149040921,0,0.8888888888888888,8,0,6,2,0
C_ID,3,14,inf,MCP,0.6046511627906976,0.6932142857142858,0.43863981921333184,0,0.8780487804878049,11,5,0,0,2
C_ID,3,14,inf,SCAD,0.6153846153846154,0.6417857142857143,0.41553680586436553,0,0.8125,6,2,3,1,1
C_ID,3,15,inf,lasso,0.6363636363636364,0.7528801843317972,0.5216361053690076,0,0.8363636363636363,11,3,7,1,1
C_ID,3,15,inf,MCP,0.6122448979591837,0.719758064516129,0.5243509898643135,0,0.8085106382978723,13,4,0,0,2
C_ID,3,15,inf,SCAD,0.6153846153846154,0.6756912442396313,0.4783219205247309,0,0.723404255319149,11,2,2,1,1
C_ID,3,16,inf,lasso,0.6785714285714286,0.7777777777777777,0.6344659434903072,0,0.8695652173913043,9,4,3,3,1
C_ID,3,16,inf,MCP,0.5769230769230769,0.660787771898883,0.5662604292165255,0,0.7916666666666666,11,4,0,0,4
C_ID,3,16,inf,SCAD,0.6222222222222222,0.6360964138741916,0.5475930234512614,0,0.8,11,3,0,1,1
C_ID,3,17,inf,lasso,0.6440677966101694,0.7764423076923077,0.5777463381658466,0,0.851063829787234,7,3,7,2,1
C_ID,3,17,inf,MCP,0.7142857142857143,0.7307692307692307,0.5939359582886342,0,0.8205128205128205,12,1,0,0,3
C_ID,3,17,inf,SCAD,0.6808510638297872,0.6439302884615384,0.5166543806280428,0,0.85,9,1,4,0,3
C_ID,3,18,inf,lasso,0.6792452830188679,0.7181069958847737,0.5330047130262812,0,0.8780487804878049,7,2,5,2,2
C_ID,3,18,inf,MCP,0.5365853658536586,0.6140505584950029,0.4701614773316388,0,0.7777777777777778,8,3,0,0,3
C_ID,3,18,inf,SCAD,0.6530612244897959,0.6907701352145795,0.5105196096272276,0,0.8780487804878049,9,3,2,1,3
C_ID,3,19,inf,lasso,0.7575757575757576,0.7966101694915254,0.6825524251705927,0,0.8846153846153846,11,0,8,2,2
C_ID,3,19,inf,MCP,0.5769230769230769,0.6254784034991798,0.58864956335452,0,0.7916666666666666,11,4,0,0,4
C_ID,3,19,inf,SCAD,0.6551724137931034,0.709130672498633,0.6234369780699117,0,0.8679245283018868,14,4,1,0,4
C_ID,3,20,inf,lasso,0.7083333333333334,0.7827540106951872,0.4619294622438844,0,0.8421052631578947,8,1,4,2,1
C_ID,3,20,inf,MCP,0.55,0.6627673796791445,0.39092213342213344,0,0.7027027027027027,8,2,0,0,3
C_ID,3,20,inf,SCAD,0.5909090909090909,0.6878342245989304,0.39125867404805703,0,0.7317073170731707,10,2,0,0,3
C_ID,3,21,inf,lasso,0.7407407407407407,0.8546398442569759,0.6979204560664245,0,0.9047619047619048,8,2,6,3,0
C_ID,3,21,inf,MCP,0.7272727272727273,0.7592472420506164,0.6704911761261876,0,0.8292682926829268,13,1,0,0,3
C_ID,3,21,inf,SCAD,0.7111111111111111,0.7456197274497081,0.6377799701906423,0,0.8095238095238095,13,1,0,0,3
C_ID,3,22,inf,lasso,0.7083333333333334,0.8118315508021391,0.5643480382862596,0,0.8571428571428571,5,1,4,3,2
C_ID,3,22,inf,MCP,0.5454545454545454,0.6143048128342246,0.40380731270059333,0,0.7857142857142857,4,2,0,0,5
C_ID,3,22,inf,SCAD,0.5789473684210527,0.660427807486631,0.4437526782981328,0,0.7333333333333333,3,2,1,2,3
C_ID,3,23,inf,lasso,0.39436619718309857,0.47858533419857235,0.25950685771692583,0,0.6296296296296297,4,4,6,1,2
C_ID,3,23,inf,MCP,0.25,0.418234912394549,0.24535137728801798,0,0.5116279069767442,1,6,0,1,3
C_ID,3,23,inf,SCAD,0.2962962962962963,0.4338092147955873,0.24821795038806846,0,0.5416666666666666,2,6,1,1,3
C_ID,3,24,inf,lasso,0.6666666666666666,0.723800505050505,0.5850693857240271,0,0.7692307692307693,8,0,5,1,1
C_ID,3,24,inf,MCP,0.6046511627906976,0.6856060606060606,0.5462949428542594,0,0.8,11,3,0,0,2
C_ID,3,24,inf,SCAD,0.55,0.685290404040404,0.5289217076039459,0,0.7272727272727273,6,1,4,0,1
C_ID,4,0,inf,lasso,0.53125,0.5423376623376622,0.4251577910338485,0,0.8163265306122449,5,4,6,1,4
C_ID,4,0,inf,MCP,0.47058823529411764,0.4994805194805195,0.4137208988731521,0,0.7796610169491526,8,7,0,0,8
C_ID,4,0,inf,SCAD,0.5294117647058824,0.5618181818181818,0.43655212378825575,0,0.8275862068965517,10,6,0,0,8
C_ID,4,1,inf,lasso,0.5783132530120482,0.6187499999999999,0.6058052979027295,0,0.8571428571428571,5,6,7,3,6
C_ID,4,1,inf,MCP,0.5671641791044776,0.5987499999999999,0.6093242098670791,0,0.8771929824561403,10,6,0,0,9
C_ID,4,1,inf,SCAD,0.5217391304347826,0.54575,0.5642741686961115,0,0.75,8,4,2,1,6
C_ID,4,2,inf,lasso,0.676923076923077,0.7217058501913614,0.5765297986703973,0,0.8846153846153846,9,3,7,2,2
C_ID,4,2,inf,MCP,0.5555555555555556,0.6096227446692181,0.528748936414764,0,0.88,11,7,0,0,4
C_ID,4,2,inf,SCAD,0.5625,0.6481683980317113,0.5312680262991673,0,0.8333333333333334,14,7,0,0,4
C_ID,4,3,inf,lasso,0.691358024691358,0.6885121457489879,0.585585716401426,0,0.90625,12,3,9,2,3
C_ID,4,3,inf,MCP,0.47368421052631576,0.5187246963562753,0.4694894332606865,0,0.9142857142857143,12,14,0,0,6
C_ID,4,3,inf,SCAD,0.5142857142857142,0.4979757085020243,0.4780827064444683,0,0.8421052631578947,7,7,6,1,3
C_ID,4,4,inf,lasso,0.5945945945945946,0.6128542510121456,0.5526874176597383,0,0.8,11,4,5,2,2
C_ID,4,4,inf,MCP,0.5070422535211268,0.5551619433198379,0.519604680681903,0,0.90625,12,11,0,0,6
C_ID,4,4,inf,SCAD,0.4810126582278481,0.5420040485829959,0.5091914799661925,0,0.8611111111111112,12,12,0,0,7
C_ID,4,5,inf,lasso,0.7,0.7320244773074962,0.7239373713164311,0,0.9,9,1,11,2,4
C_ID,4,5,inf,MCP,0.5882352941176471,0.6759306476287608,0.6985731408828372,0,0.8852459016393442,13,7,0,0,7
C_ID,4,5,inf,SCAD,0.6666666666666666,0.6868944416114227,0.7073181818855069,0,0.8727272727272727,14,4,0,1,5
C_ID,4,6,inf,lasso,0.6153846153846154,0.6676721970839619,0.6319128599408228,0,0.8163265306122449,5,4,2,4,5
C_ID,4,6,inf,MCP,0.5194805194805194,0.5837104072398189,0.5590879211835962,0,0.7761194029850746,10,6,0,0,10
C_ID,4,6,inf,SCAD,0.5945945945945946,0.605580693815988,0.5911297743014118,0,0.7619047619047619,11,2,1,0,10
C_ID,4,7,inf,lasso,0.6666666666666666,0.7044125465178097,0.5099408995766788,0,0.8301886792452831,3,3,8,6,2
C_ID,4,7,inf,MCP,0.45454545454545453,0.5260499734183945,0.4139487148916531,0,0.7241379310344828,8,6,0,0,7
C_ID,4,7,inf,SCAD,0.48148148148148145,0.4960127591706539,0.3864699191712226,0,0.6818181818181818,4,2,2,0,7
C_ID,4,8,inf,lasso,0.6666666666666666,0.7022963367960634,0.5543283931961818,0,0.75,11,0,6,2,2
C_ID,4,8,inf,MCP,0.46153846153846156,0.5459267359212685,0.4656610065328085,0,0.723404255319149,9,5,0,0,3
C_ID,4,8,inf,SCAD,0.4918032786885246,0.5811919081465281,0.4894942960698102,0,0.7636363636363637,11,6,1,0,3
C_ID,4,9,inf,lasso,0.7671232876712328,0.749107598164202,0.5849082097688617,0,0.8727272727272727,10,1,4,5,4
C_ID,4,9,inf,MCP,0.6206896551724138,0.6012238653748088,0.5380217953115695,0,0.75,9,1,0,1,7
C_ID,4,9,inf,SCAD,0.6666666666666666,0.5996940336562978,0.49637260130908045,0,0.8518518518518519,11,2,1,1,8
C_ID,4,10,inf,lasso,0.6086956521739131,0.6753542510121457,0.6296863437525865,0,0.7692307692307693,7,1,7,2,3
C_ID,4,10,inf,MCP,0.6060606060606061,0.6601720647773278,0.640816954054799,0,0.896551724137931,15,6,0,0,5
C_ID,4,10,inf,SCAD,0.5714285714285714,0.6067813765182186,0.5896722043805908,0,0.7796610169491526,12,4,2,1,4
C_ID,4,11,inf,lasso,0.6578947368421053,0.6815932706580901,0.7034532337700291,0,0.8214285714285714,7,1,6,3,6
C_ID,4,11,inf,MCP,0.5789473684210527,0.6261751608114795,0.6706523930600534,0,0.8615384615384616,13,6,0,0,9
C_ID,4,11,inf,SCAD,0.625,0.6358238495794162,0.6768507502066247,0,0.835820895522388,13,5,0,2,8
C_ID,4,12,inf,lasso,0.6176470588235294,0.6352880658436214,0.5776867266495676,0,0.7755102040816326,4,2,7,4,2
C_ID,4,12,inf,MCP,0.4166666666666667,0.5,0.4513431334008565,0,0.75,7,9,0,0,8
C_ID,4,12,inf,SCAD,0.5666666666666667,0.5390946502057614,0.5044072260583142,0,0.7555555555555555,5,3,4,3,2
C_ID,4,13,inf,lasso,0.6756756756756757,0.7004048582995952,0.6713632102494174,0,0.8727272727272727,8,3,5,4,4
C_ID,4,13,inf,MCP,0.5454545454545454,0.589574898785425,0.5880035836238324,0,0.8214285714285714,10,5,0,0,8
C_ID,4,13,inf,SCAD,0.5555555555555556,0.604757085020243,0.5990118432543472,0,0.8333333333333334,9,5,2,0,9
C_ID,4,14,inf,lasso,0.6666666666666666,0.7444155844155845,0.7167408388383208,0,0.7868852459016393,9,2,8,4,1
C_ID,4,14,inf,MCP,0.625,0.6566233766233767,0.6371072957019429,0,0.8813559322033898,15,6,0,0,5
C_ID,4,14,inf,SCAD,0.5757575757575758,0.6280519480519481,0.6423620055666265,0,0.8666666666666667,14,7,0,0,5
C_ID,4,15,inf,lasso,0.7619047619047619,0.772987012987013,0.6859408439346808,0,0.875,9,0,4,3,5
C_ID,4,15,inf,MCP,0.576271186440678,0.6096103896103896,0.550703220254142,0,0.8235294117647058,10,4,0,0,7
C_ID,4,15,inf,SCAD,0.7540983606557377,0.76,0.6806351369437347,0,0.851063829787234,9,0,3,3,5
C_ID,4,16,inf,lasso,0.5757575757575758,0.5963636363636363,0.5270724507440891,0,0.8,5,4,5,3,3
C_ID,4,16,inf,MCP,0.4230769230769231,0.4820779220779221,0.4525871752209656,0,0.6976744186046512,5,4,1,0,5
C_ID,4,16,inf,SCAD,0.5454545454545454,0.5516883116883117,0.4983834688368323,0,0.7441860465116279,6,2,3,1,4
C_ID,4,17,inf,lasso,0.6588235294117647,0.6731719367588933,0.6976704074560706,0,0.9032258064516129,8,3,9,3,5
C_ID,4,17,inf,MCP,0.5454545454545454,0.5970849802371541,0.6580163063891582,0,0.8571428571428571,13,9,0,0,11
C_ID,4,17,inf,SCAD,0.547945205479452,0.5936264822134387,0.6509827401898463,0,0.8275862068965517,9,5,3,1,6
C_ID,4,18,inf,lasso,0.6506024096385542,0.6463046757164403,0.6036222562326301,0,0.819672131147541,7,2,8,4,4
C_ID,4,18,inf,MCP,0.6031746031746031,0.6274509803921569,0.6075922618042183,0,0.8518518518518519,12,4,0,0,7
C_ID,4,18,inf,SCAD,0.5822784810126582,0.6088486676721971,0.5829807070296048,0,0.8405797101449275,13,6,1,0,9
C_ID,4,19,inf,lasso,0.5753424657534246,0.618961038961039,0.4886189766759594,0,0.8214285714285714,5,6,5,4,3
C_ID,4,19,inf,MCP,0.5070422535211268,0.5220779220779221,0.4071781025094881,0,0.8125,11,8,0,0,7
C_ID,4,19,inf,SCAD,0.5066666666666667,0.5548051948051947,0.4409157704946203,0,0.7761194029850746,12,7,0,0,7
C_ID,4,20,inf,lasso,0.5897435897435898,0.6626794258373205,0.578113597917634,0,0.8923076923076924,10,7,9,1,2
C_ID,4,20,inf,MCP,0.6,0.6640085061137693,0.5977055818969519,0,0.8955223880597015,18,9,0,0,3
C_ID,4,20,inf,SCAD,0.5,0.5606060606060606,0.5225102561133529,0,0.8695652173913043,15,12,0,0,3
C_ID,4,21,inf,lasso,0.7341772151898734,0.7373788883222846,0.6000539626498466,0,0.8813559322033898,9,2,7,5,3
C_ID,4,21,inf,MCP,0.6571428571428571,0.6856195818459969,0.6330527241902804,0,0.8709677419354839,15,4,0,0,8
C_ID,4,21,inf,SCAD,0.6461538461538462,0.6542580316165221,0.5581461834088239,0,0.8727272727272727,11,4,1,1,7
C_ID,4,22,inf,lasso,0.6216216216216216,0.6766194331983806,0.657534110760589,0,0.7547169811320755,4,1,6,4,5
C_ID,4,22,inf,MCP,0.5714285714285714,0.5921052631578948,0.5687071113988913,0,0.8666666666666667,10,6,0,0,10
C_ID,4,22,inf,SCAD,0.5714285714285714,0.6201923076923077,0.6211110221543423,0,0.7796610169491526,9,4,0,1,9
C_ID,4,23,inf,lasso,0.6585365853658537,0.6842105263157895,0.611121442631019,0,0.78125,9,1,7,3,5
C_ID,4,23,inf,MCP,0.6567164179104478,0.6718117408906882,0.644807672744333,0,0.8813559322033898,14,4,0,0,8
C_ID,4,23,inf,SCAD,0.6567164179104478,0.6644736842105263,0.615817756931077,0,0.8813559322033898,14,4,0,0,8
C_ID,4,24,inf,lasso,0.575,0.5938765182186234,0.4705987821578951,0,0.8064516129032258,9,3,7,1,5
C_ID,4,24,inf,MCP,0.5797101449275363,0.5933704453441295,0.486065196298858,0,0.7741935483870968,14,4,0,0,6
C_ID,4,24,inf,SCAD,0.6075949367088608,0.6366396761133604,0.5112670726561975,0,0.8450704225352113,17,6,1,0,6
C_Random_Diag,1,0,inf,lasso,0.6666666666666666,0.9230182926829268,0.3401317432567432,0,0.8,4,0,4,0,0
C_Random_Diag,1,0,inf,MCP,0.375,0.6158536585365854,0.17407066993464052,0,0.625,3,2,0,0,0
C_Random_Diag,1,0,inf,SCAD,0.375,0.6158536585365854,0.16150302924199983,0,0.625,3,2,0,0,0
C_Random_Diag,1,1,inf,lasso,0.7,0.8518749999999999,0.6632905982905983,0,0.7777777777777778,5,0,2,0,0
C_Random_Diag,1,1,inf,MCP,0.5555555555555556,0.7212500000000001,0.5107350131946906,0,0.8888888888888888,5,3,0,0,0
C_Random_Diag,1,1,inf,SCAD,0.7,0.7975,0.6276354679802956,0,1.0,7,3,0,0,0
C_Random_Diag,1,2,inf,lasso,0.5,0.7311046511627908,0.28194444444444444,0,0.8571428571428571,1,1,1,0,0
C_Random_Diag,1,2,inf,MCP,0.3333333333333333,0.4738372093023256,0.05972222222222222,0,0.6666666666666666,1,1,0,0,0
C_Random_Diag,1,2,inf,SCAD,0.3333333333333333,0.4752906976744186,0.05972222222222222,0,0.6666666666666666,1,1,0,0,0
C_Random_Diag,1,3,inf,lasso,0.7619047619047619,0.9588414634146343,0.5629564879564879,0,0.875,3,0,3,1,0
C_Random_Diag,1,3,inf,MCP,0.5882352941176471,0.7538109756097561,0.310966810966811,0,0.875,4,2,0,0,1
C_Random_Diag,1,3,inf,SCAD,0.8235294117647058,0.9062499999999999,0.5885912698412699,0,0.875,6,0,0,0,1
C_Random_Diag,1,4,inf,lasso,0.6046511627906976,0.7570488721804511,0.30623011436577535,0,0.7027027027027027,8,0,5,0,0
C_Random_Diag,1,4,inf,MCP,0.47058823529411764,0.6818609022556391,0.27428581104567945,0,0.6875,8,3,0,0,0
C_Random_Diag,1,4,inf,SCAD,0.45714285714285713,0.6691729323308271,0.2573823002394431,0,0.6285714285714286,8,3,0,0,0
C_Random_Diag,1,5,inf,lasso,0.72,0.8781249999999998,0.4398277417027417,0,0.8181818181818182,6,0,2,0,1
C_Random_Diag,1,5,inf,MCP,0.5263157894736842,0.7649999999999999,0.3889677500446001,0,0.7777777777777778,5,2,0,0,0
C_Random_Diag,1,5,inf,SCAD,0.48,0.6425,0.2878206699346405,0,0.782608695652174,4,3,1,0,1
C_Random_Diag,1,6,inf,lasso,0.8148148148148148,0.9631410256410257,0.6302292371371317,0,0.9523809523809523,5,0,4,1,0
C_Random_Diag,1,6,inf,MCP,0.5217391304347826,0.6623931623931625,0.37381553631553627,0,0.8,3,2,2,0,1
C_Random_Diag,1,6,inf,SCAD,0.6428571428571429,0.7361111111111109,0.4311058226306613,0,0.8,6,1,2,0,1
C_Random_Diag,1,7,inf,lasso,0.5,0.7564102564102564,0.40624648600192076,0,0.6428571428571429,4,0,4,0,1
C_Random_Diag,1,7,inf,MCP,0.5,0.7558760683760684,0.38260579920333926,0,0.5882352941176471,7,1,0,0,2
C_Random_Diag,1,7,inf,SCAD,0.4,0.6100427350427351,0.3272160435811751,0,0.6428571428571429,4,3,0,0,2
C_Random_Diag,1,8,inf,lasso,0.8,0.9702380952380952,0.6097222222222222,0,0.9230769230769231,4,0,2,0,0
C_Random_Diag,1,8,inf,MCP,0.6153846153846154,0.7946428571428571,0.4642857142857143,0,0.9230769230769231,4,2,0,0,0
C_Random_Diag,1,8,inf,SCAD,0.7272727272727273,0.8799603174603174,0.5190476190476191,0,0.9090909090909091,4,1,0,0,0
C_Random_Diag,1,9,inf,lasso,0.75,0.9603174603174603,0.5028108465608465,0,0.8571428571428571,4,0,2,0,0
C_Random_Diag,1,9,inf,MCP,0.6666666666666666,0.886904761904762,0.4981481481481481,0,0.8571428571428571,4,1,1,0,0
C_Random_Diag,1,9,inf,SCAD,0.6666666666666666,0.8859126984126985,0.4842592592592593,0,0.8571428571428571,4,1,1,0,0
C_Random_Diag,1,10,inf,lasso,0.8571428571428571,0.9862804878048781,0.7815972222222223,0,0.8333333333333334,4,0,0,1,0
C_Random_Diag,1,10,inf,MCP,0.8571428571428571,0.8536585365853658,0.7000992063492064,0,0.9230769230769231,5,0,0,0,1
C_Random_Diag,1,10,inf,SCAD,0.8571428571428571,0.8574695121951219,0.682281223893066,0,0.9230769230769231,5,0,0,0,1
C_Random_Diag,1,11,inf,lasso,0.75,0.9869186046511629,0.7401785714285714,0,0.8571428571428571,2,0,1,0,0
C_Random_Diag,1,11,inf,MCP,0.6666666666666666,0.8648255813953488,0.6555555555555554,0,0.8888888888888888,3,1,0,0,0
C_Random_Diag,1,11,inf,SCAD,0.75,0.8648255813953488,0.6555555555555554,0,0.8571428571428571,2,0,1,0,0
C_Random_Diag,1,12,inf,lasso,0.875,0.96815834767642,0.573922902494331,0,1.0,5,0,2,0,0
C_Random_Diag,1,12,inf,MCP,0.5714285714285714,0.746987951807229,0.3051020408163265,0,0.8571428571428571,4,2,0,0,0
C_Random_Diag,1,12,inf,SCAD,0.7142857142857143,0.751290877796902,0.4018140589569161,0,1.0,5,2,0,0,0
C_Random_Diag,1,13,inf,lasso,0.8235294117647058,0.9741824440619622,0.6908730158730159,0,0.9333333333333333,5,0,2,0,0
C_Random_Diag,1,13,inf,MCP,0.8,0.8339070567986231,0.6587301587301588,0,1.0,5,1,1,0,0
C_Random_Diag,1,13,inf,SCAD,0.75,0.827882960413081,0.5838564213564214,0,0.9333333333333333,5,1,1,0,0
C_Random_Diag,1,14,inf,lasso,0.8181818181818182,0.9711934156378601,0.6873311873311873,0,1.0,3,0,4,1,0
C_Random_Diag,1,14,inf,MCP,0.7058823529411765,0.7901234567901233,0.5617243867243866,0,1.0,5,2,0,0,1
C_Random_Diag,1,14,inf,SCAD,0.6666666666666666,0.784636488340192,0.5170153920153919,0,0.9333333333333333,3,1,2,0,1
C_Random_Diag,1,15,inf,lasso,0.6,0.871875,0.457489840633223,0,0.8,4,1,5,0,0
C_Random_Diag,1,15,inf,MCP,0.5263157894736842,0.754375,0.40198346244398875,0,0.8421052631578947,5,3,0,0,0
C_Random_Diag,1,15,inf,SCAD,0.5384615384615384,0.75125,0.37518528105021914,0,0.782608695652174,4,2,3,0,0
C_Random_Diag,1,16,inf,lasso,0.9333333333333333,0.9776247848537005,0.5793367346938776,0,1.0,6,0,1,0,0
C_Random_Diag,1,16,inf,MCP,0.47058823529411764,0.7332185886402753,0.24722658294086866,0,0.8235294117647058,4,3,0,0,0
C_Random_Diag,1,16,inf,SCAD,0.47058823529411764,0.7375215146299484,0.27443746729461016,0,0.8235294117647058,4,3,0,0,0
C_Random_Diag,1,17,inf,lasso,0.64,0.8344017094017094,0.4193417693417693,0,0.8181818181818182,5,1,2,0,1
C_Random_Diag,1,17,inf,MCP,0.6363636363636364,0.7649572649572649,0.42053571428571423,0,0.8571428571428571,6,2,0,0,1
C_Random_Diag,1,17,inf,SCAD,0.4444444444444444,0.686965811965812,0.2851012413512413,0,0.8,4,4,1,0,1
C_Random_Diag,1,18,inf,lasso,0.8,0.9722222222222222,0.5632936507936508,0,1.0,3,0,3,0,0
C_Random_Diag,1,18,inf,MCP,0.42857142857142855,0.6835317460317462,0.289781746031746,0,0.8571428571428571,3,3,0,0,0
C_Random_Diag,1,18,inf,SCAD,0.6666666666666666,0.7896825396825397,0.4041005291005291,0,1.0,4,2,0,0,0
C_Random_Diag,1,19,inf,lasso,0.875,0.900172117039587,0.47545351473922903,0,1.0,3,0,2,1,0
C_Random_Diag,1,19,inf,MCP,0.5714285714285714,0.7418244406196213,0.3074829931972789,0,0.9230769230769231,3,2,0,0,1
C_Random_Diag,1,19,inf,SCAD,0.8,0.8218588640275388,0.38679138321995465,0,0.9090909090909091,2,0,2,1,0
C_Random_Diag,1,20,inf,lasso,0.7142857142857143,0.8928571428571429,0.46319444444444446,0,0.9090909090909091,2,0,3,0,0
C_Random_Diag,1,20,inf,MCP,0.2857142857142857,0.5396825396825397,0.09837962962962962,0,0.9230769230769231,1,4,1,0,0
C_Random_Diag,1,20,inf,SCAD,0.5,0.5555555555555556,0.16550925925925927,0,0.8,1,1,2,0,0
C_Random_Diag,1,21,inf,lasso,0.5806451612903226,0.8032220943613348,0.30646675735685025,0,0.6956521739130435,2,0,5,1,0
C_Random_Diag,1,21,inf,MCP,0.3157894736842105,0.5891829689298044,0.1785964157674684,0,0.4444444444444444,2,1,0,0,1
C_Random_Diag,1,21,inf,SCAD,0.42857142857142855,0.6634062140391255,0.23887209789616207,0,0.7692307692307693,5,4,0,0,1
C_Random_Diag,1,22,inf,lasso,0.6875,0.8819444444444443,0.47798418010132004,0,0.8461538461538461,5,0,6,0,0
C_Random_Diag,1,22,inf,MCP,0.5384615384615384,0.7045940170940171,0.41208306329274075,0,0.8461538461538461,7,4,0,0,0
C_Random_Diag,1,22,inf,SCAD,0.7857142857142857,0.8007478632478632,0.45284919499073917,0,1.0,7,1,4,0,0
C_Random_Diag,1,23,inf,lasso,0.7368421052631579,0.8971036585365852,0.5110666294489824,0,0.9333333333333333,3,0,4,0,0
C_Random_Diag,1,23,inf,MCP,0.8,0.9054878048780488,0.5740248466810967,0,0.9333333333333333,6,1,0,0,0
C_Random_Diag,1,23,inf,SCAD,0.8,0.8963414634146342,0.5090134691697191,0,0.9333333333333333,6,1,0,0,0
C_Random_Diag,1,24,inf,lasso,0.6666666666666666,0.8533834586466165,0.5169864715896622,0,0.88,5,1,5,0,0
C_Random_Diag,1,24,inf,MCP,0.5,0.537124060150376,0.3592374973953921,0,0.7407407407407407,6,3,1,0,0
C_Random_Diag,1,24,inf,SCAD,0.5,0.5394736842105263,0.3221769803693521,0,0.7692307692307693,5,3,2,0,0
C_Random_Diag,2,0,inf,lasso,0.7741935483870968,0.8070987654320987,0.6507223871807204,0,0.7857142857142857,9,0,1,1,0
C_Random_Diag,2,0,inf,MCP,0.7058823529411765,0.7048611111111112,0.5710937641697446,0,0.875,10,2,1,0,1
C_Random_Diag,2,0,inf,SCAD,0.7741935483870968,0.8097993827160493,0.6571525696525696,0,0.7857142857142857,9,0,1,1,0
C_Random_Diag,2,1,inf,lasso,0.6857142857142857,0.8665413533834587,0.41538207410719574,0,0.8275862068965517,6,0,5,0,1
C_Random_Diag,2,1,inf,MCP,0.6,0.7457706766917295,0.34988711001642037,0,0.8275862068965517,8,3,0,0,1
C_Random_Diag,2,1,inf,SCAD,0.5714285714285714,0.706296992481203,0.3146411128553986,0,0.8888888888888888,7,4,0,0,1
C_Random_Diag,2,2,inf,lasso,0.6829268292682927,0.750668449197861,0.5521283676532025,0,0.75,5,0,4,2,1
C_Random_Diag,2,2,inf,MCP,0.6111111111111112,0.696524064171123,0.541410176966397,0,0.7741935483870968,6,2,1,1,2
C_Random_Diag,2,2,inf,SCAD,0.5641025641025641,0.6774732620320856,0.4872539530257146,0,0.6875,5,1,3,1,1
C_Random_Diag,2,3,inf,lasso,0.6086956521739131,0.7592857142857143,0.4150769358607779,0,0.717948717948718,8,1,3,1,1
C_Random_Diag,2,3,inf,MCP,0.47368421052631576,0.5974999999999999,0.304967916136678,0,0.7222222222222222,8,4,0,0,1
C_Random_Diag,2,3,inf,SCAD,0.5777777777777777,0.6989285714285713,0.38093272414890156,0,0.7619047619047619,11,3,0,0,2
C_Random_Diag,2,4,inf,lasso,0.5806451612903226,0.7356418918918919,0.32781669525480767,0,0.6451612903225806,9,1,0,0,0
C_Random_Diag,2,4,inf,MCP,0.45,0.5777027027027026,0.24589658158311745,0,0.65,9,4,0,0,0
C_Random_Diag,2,4,inf,SCAD,0.42424242424242425,0.5557432432432432,0.23366802413449764,0,0.625,6,3,1,0,0
C_Random_Diag,2,5,inf,lasso,0.68,0.845,0.4678328054601337,0,0.8333333333333334,4,0,8,2,1
C_Random_Diag,2,5,inf,MCP,0.358974358974359,0.5253571428571429,0.2585908370815285,0,0.6111111111111112,4,4,0,0,3
C_Random_Diag,2,5,inf,SCAD,0.4878048780487805,0.5996428571428571,0.30791839783469727,0,0.6875,2,3,3,2,1
C_Random_Diag,2,6,inf,lasso,0.8421052631578947,0.8877314814814815,0.656982571259532,0,0.9333333333333333,8,1,2,3,0
C_Random_Diag,2,6,inf,MCP,0.6451612903225806,0.6948302469135802,0.48024496280328827,0,0.8571428571428571,7,2,0,0,3
C_Random_Diag,2,6,inf,SCAD,0.6666666666666666,0.6778549382716049,0.46487984809278243,0,0.8571428571428571,6,2,1,1,2
C_Random_Diag,2,7,inf,lasso,0.6296296296296297,0.6868990384615384,0.4216536333591439,0,0.8421052631578947,2,1,8,2,3
C_Random_Diag,2,7,inf,MCP,0.36666666666666664,0.5165264423076923,0.2910482214254253,0,0.7407407407407407,5,9,0,0,6
C_Random_Diag,2,7,inf,SCAD,0.5217391304347826,0.5847355769230769,0.35153641730442065,0,0.6842105263157895,5,2,0,1,5
C_Random_Diag,2,8,inf,lasso,0.6666666666666666,0.7772424017790956,0.4753469836744309,0,0.8235294117647058,5,0,8,1,0
C_Random_Diag,2,8,inf,MCP,0.5641025641025641,0.6541882876204596,0.42322440194529753,0,0.7567567567567568,10,3,0,0,1
C_Random_Diag,2,8,inf,SCAD,0.55,0.6330615270570793,0.3799952534655973,0,0.7777777777777778,9,3,1,0,1
C_Random_Diag,2,9,inf,lasso,0.6111111111111112,0.7484444444444445,0.3693578285782313,0,0.8666666666666667,5,2,5,0,1
C_Random_Diag,2,9,inf,MCP,0.42857142857142855,0.5502222222222223,0.24508822762584734,0,0.8,3,5,1,1,0
C_Random_Diag,2,9,inf,SCAD,0.5517241379310345,0.5866666666666667,0.2764808362369338,0,0.8148148148148148,6,3,1,0,1
C_Random_Diag,2,10,inf,lasso,0.7428571428571429,0.8086993243243243,0.46571245436172076,0,0.9230769230769231,4,1,4,2,1
C_Random_Diag,2,10,inf,MCP,0.6,0.7056587837837838,0.4036292640897904,0,0.8461538461538461,5,2,1,0,3
C_Random_Diag,2,10,inf,SCAD,0.7333333333333333,0.7322635135135135,0.4048192345848596,0,0.9230769230769231,7,1,1,0,3
C_Random_Diag,2,11,inf,lasso,0.64,0.85,0.5491880341880342,0,0.7619047619047619,4,0,2,0,2
C_Random_Diag,2,11,inf,MCP,0.6363636363636364,0.8187499999999999,0.6425694444444444,0,0.8,5,1,0,0,2
C_Random_Diag,2,11,inf,SCAD,0.7619047619047619,0.8712500000000001,0.628248556998557,0,0.8421052631578947,6,0,0,0,2
C_Random_Diag,2,12,inf,lasso,0.5625,0.7204444444444444,0.3926838251760852,0,0.7692307692307693,4,1,5,0,0
C_Random_Diag,2,12,inf,MCP,0.5384615384615384,0.6848888888888889,0.38034203430118085,0,0.8,7,3,0,0,0
C_Random_Diag,2,12,inf,SCAD,0.5925925925925926,0.7622222222222222,0.42811210881386313,0,0.8,7,2,1,0,0
C_Random_Diag,2,13,inf,lasso,0.6956521739130435,0.8981588032220944,0.5882739201958875,0,0.8421052631578947,5,0,3,0,0
C_Random_Diag,2,13,inf,MCP,0.7368421052631579,0.7968929804372843,0.5540001665001666,0,0.8888888888888888,7,1,0,0,0
C_Random_Diag,2,13,inf,SCAD,0.7272727272727273,0.7330264672036825,0.47678571428571426,0,0.9473684210526315,6,1,2,0,0
C_Random_Diag,2,14,inf,lasso,0.7567567567567568,0.8842592592592593,0.7508907190924736,0,0.8484848484848485,10,0,3,0,1
C_Random_Diag,2,14,inf,MCP,0.5789473684210527,0.7145061728395061,0.5686745353412022,0,0.7567567567567568,10,3,0,0,1
C_Random_Diag,2,14,inf,SCAD,0.6976744186046512,0.8356481481481481,0.6759629828099716,0,0.8,12,1,2,0,1
C_Random_Diag,2,15,inf,lasso,0.7111111111111111,0.8948428686543111,0.6654240368495373,0,0.8947368421052632,9,1,7,0,0
C_Random_Diag,2,15,inf,MCP,0.6486486486486487,0.8045930701047543,0.6249206531645978,0,0.8648648648648649,12,4,0,0,0
C_Random_Diag,2,15,inf,SCAD,0.7692307692307693,0.8412570507655116,0.6397839141816045,0,0.8947368421052632,14,2,1,0,0
C_Random_Diag,2,16,inf,lasso,0.5714285714285714,0.6950040290088639,0.304832602386369,0,0.7428571428571429,7,1,4,0,1
C_Random_Diag,2,16,inf,MCP,0.4117647058823529,0.5471394037066881,0.2352191942420617,0,0.6875,5,4,1,0,1
C_Random_Diag,2,16,inf,SCAD,0.4864864864864865,0.6406124093473006,0.2687631275418475,0,0.7428571428571429,7,4,1,0,1
C_Random_Diag,2,17,inf,lasso,0.7777777777777778,0.8978658536585367,0.4779999137336094,0,0.9333333333333333,4,0,3,0,0
C_Random_Diag,2,17,inf,MCP,0.5333333333333333,0.6699695121951219,0.2468948412698413,0,0.8,4,2,0,0,0
C_Random_Diag,2,17,inf,SCAD,0.47058823529411764,0.6623475609756097,0.25266203703703705,0,0.8235294117647058,4,3,0,0,0
C_Random_Diag,2,18,inf,lasso,0.56,0.6912527798369162,0.32125646333426217,0,0.8292682926829268,7,3,7,0,0
C_Random_Diag,2,18,inf,MCP,0.5454545454545454,0.6501111934766493,0.31609241167260593,0,0.8372093023255814,12,6,0,0,0
C_Random_Diag,2,18,inf,SCAD,0.5454545454545454,0.6667902149740548,0.31119647792403904,0,0.8095238095238095,10,5,2,0,0
C_Random_Diag,2,19,inf,lasso,0.6808510638297872,0.8619087837837839,0.5381733378138064,0,0.8235294117647058,4,0,8,2,0
C_Random_Diag,2,19,inf,MCP,0.38095238095238093,0.589527027027027,0.3316258038379749,0,0.631578947368421,4,4,2,0,2
C_Random_Diag,2,19,inf,SCAD,0.4827586206896552,0.5844594594594594,0.3664994952249888,0,0.64,3,2,1,1,1
C_Random_Diag,2,20,inf,lasso,0.6153846153846154,0.7698295033358044,0.5056973534630841,0,0.8387096774193549,5,1,6,0,1
C_Random_Diag,2,20,inf,MCP,0.5,0.6011860637509265,0.38963247279036756,0,0.8666666666666667,7,5,0,0,1
C_Random_Diag,2,20,inf,SCAD,0.6285714285714286,0.6912527798369161,0.46893604331684824,0,0.8125,9,2,1,0,1
C_Random_Diag,2,21,inf,lasso,0.7272727272727273,0.8536922015182884,0.5723128395841067,0,0.8947368421052632,10,1,5,0,1
C_Random_Diag,2,21,inf,MCP,0.6190476190476191,0.6300897170462387,0.4658375970516616,0,0.8780487804878049,12,5,0,0,1
C_Random_Diag,2,21,inf,SCAD,0.5777777777777777,0.5993788819875776,0.39037942319591934,0,0.8571428571428571,10,5,2,0,1
C_Random_Diag,2,22,inf,lasso,0.6296296296296297,0.8622685185185185,0.4433880586479868,0,0.7555555555555555,8,0,9,0,0
C_Random_Diag,2,22,inf,MCP,0.45,0.5655864197530864,0.265672229912426,0,0.75,9,6,0,0,0
C_Random_Diag,2,22,inf,SCAD,0.65,0.7611882716049383,0.4017490253864737,0,0.8108108108108109,10,2,3,0,0
C_Random_Diag,2,23,inf,lasso,0.7804878048780488,0.9328547297297297,0.6037063620319589,0,0.9285714285714286,3,0,7,3,0
C_Random_Diag,2,23,inf,MCP,0.5925925925925926,0.7128378378378379,0.4547850731444481,0,0.8333333333333334,5,2,0,0,3
C_Random_Diag,2,23,inf,SCAD,0.6,0.6359797297297297,0.38266442248519456,0,0.8181818181818182,1,2,3,2,1
C_Random_Diag,2,24,inf,lasso,0.5882352941176471,0.7435714285714287,0.47732960997077795,0,0.7619047619047619,6,1,8,0,1
C_Random_Diag,2,24,inf,MCP,0.425531914893617,0.5885714285714286,0.3452858378864571,0,0.782608695652174,9,8,0,0,1
C_Random_Diag,2,24,inf,SCAD,0.6976744186046512,0.7778571428571428,0.5024315126312305,0,0.8780487804878049,13,3,1,0,1
C_Random_Diag,3,0,inf,lasso,0.6451612903225806,0.7490985576923077,0.5320328228027363,0,0.8636363636363636,3,2,9,3,2
C_Random_Diag,3,0,inf,MCP,0.6086956521739131,0.6415264423076923,0.47844854182592844,0,0.95,8,5,0,0,6
C_Random_Diag,3,0,inf,SCAD,0.5777777777777777,0.6646634615384616,0.4921173563886114,0,0.8421052631578947,7,3,1,0,5
C_Random_Diag,3,1,inf,lasso,0.4262295081967213,0.4833242208857299,0.3238394778016347,0,0.6666666666666666,4,5,5,1,2
C_Random_Diag,3,1,inf,MCP,0.36363636363636365,0.41279387643521054,0.2926164796281145,0,0.7450980392156863,6,9,1,0,3
C_Random_Diag,3,1,inf,SCAD,0.37735849056603776,0.3985784581738655,0.2859975010224246,0,0.7083333333333334,5,8,1,1,2
C_Random_Diag,3,2,inf,lasso,0.6440677966101694,0.7217058501913614,0.6183316241180256,0,0.84,11,3,5,1,1
C_Random_Diag,3,2,inf,MCP,0.5806451612903226,0.6451612903225806,0.5651588363551173,0,0.9152542372881356,15,9,0,0,3
C_Random_Diag,3,2,inf,SCAD,0.6101694915254238,0.606068890103882,0.5508048921162896,0,0.76,11,3,3,2,0
C_Random_Diag,3,3,inf,lasso,0.5964912280701754,0.7172307692307692,0.5530642168630561,0,0.7441860465116279,4,1,7,2,2
C_Random_Diag,3,3,inf,MCP,0.5263157894736842,0.5843076923076923,0.4566829864966849,0,0.6666666666666666,6,1,1,0,3
C_Random_Diag,3,3,inf,SCAD,0.5853658536585366,0.6326153846153846,0.5201081234274637,0,0.7058823529411765,6,1,2,1,2
C_Random_Diag,3,4,inf,lasso,0.6461538461538462,0.7198275862068966,0.5758749765260853,0,0.8,7,1,7,2,3
C_Random_Diag,3,4,inf,MCP,0.4918032786885246,0.5563038793103449,0.46703740671182253,0,0.8214285714285714,10,8,0,0,5
C_Random_Diag,3,4,inf,SCAD,0.5483870967741935,0.6085668103448276,0.5061008433000982,0,0.8214285714285714,11,6,1,0,5
C_Random_Diag,3,5,inf,lasso,0.7096774193548387,0.8285984848484849,0.5574015741693675,0,0.8444444444444444,5,1,9,4,0
C_Random_Diag,3,5,inf,MCP,0.7555555555555555,0.7039141414141413,0.5484924899446958,0,0.9,12,1,1,0,4
C_Random_Diag,3,5,inf,SCAD,0.7142857142857143,0.720959595959596,0.503910242906414,0,0.8571428571428571,9,1,2,1,2
C_Random_Diag,3,6,inf,lasso,0.6333333333333333,0.7416225749559084,0.5819384576558307,0,0.8979591836734694,9,4,7,1,1
C_Random_Diag,3,6,inf,MCP,0.6666666666666666,0.7648442092886538,0.6491349465261643,0,0.782608695652174,14,2,0,0,2
C_Random_Diag,3,6,inf,SCAD,0.6666666666666666,0.6869488536155204,0.5744461438582018,0,0.7317073170731707,11,0,2,0,2
C_Random_Diag,3,7,inf,lasso,0.6666666666666666,0.7983691623424758,0.49163760227286607,0,0.85,10,2,5,0,0
C_Random_Diag,3,7,inf,MCP,0.5,0.6590066716085989,0.40414317071013367,0,0.7441860465116279,10,5,1,0,0
C_Random_Diag,3,7,inf,SCAD,0.5531914893617021,0.690511489992587,0.40688993564279613,0,0.8085106382978723,13,6,0,0,0
C_Random_Diag,3,8,inf,lasso,0.684931506849315,0.7318206670311647,0.555765688076048,0,0.8571428571428571,8,1,11,2,2
C_Random_Diag,3,8,inf,MCP,0.6206896551724138,0.6757791142700929,0.5450444563895392,0,0.8518518518518519,14,5,0,0,4
C_Random_Diag,3,8,inf,SCAD,0.6428571428571429,0.6334062329141608,0.5108482313523413,0,0.84,12,4,1,1,3
C_Random_Diag,3,9,inf,lasso,0.5714285714285714,0.7633689839572193,0.5773489731676474,0,0.6818181818181818,4,1,6,2,2
C_Random_Diag,3,9,inf,MCP,0.3902439024390244,0.47693850267379684,0.40782487026179887,0,0.6486486486486487,5,4,0,0,3
C_Random_Diag,3,9,inf,SCAD,0.5333333333333333,0.5611631016042781,0.47323318243798795,0,0.6470588235294118,2,1,5,2,1
C_Random_Diag,3,10,inf,lasso,0.6388888888888888,0.6965554948059048,0.48670130189993466,0,0.7924528301886793,5,2,7,4,3
C_Random_Diag,3,10,inf,MCP,0.5,0.5076544559868781,0.38201658249770704,0,0.7916666666666666,6,5,1,0,7
C_Random_Diag,3,10,inf,SCAD,0.5084745762711864,0.5136686714051394,0.3775205946293738,0,0.723404255319149,3,4,3,2,5
C_Random_Diag,3,11,inf,lasso,0.6666666666666666,0.7196514423076923,0.4924283471319189,0,0.7804878048780488,7,1,5,2,1
C_Random_Diag,3,11,inf,MCP,0.4727272727272727,0.5733173076923077,0.39956757596011494,0,0.7692307692307693,10,7,0,0,3
C_Random_Diag,3,11,inf,SCAD,0.6,0.6923076923076923,0.45381665519907194,0,0.7719298245614035,15,4,0,0,3
C_Random_Diag,3,12,inf,lasso,0.6666666666666666,0.6392659627953746,0.5211671993893191,0,0.9090909090909091,10,6,7,4,3
C_Random_Diag,3,12,inf,MCP,0.5060240963855421,0.5625942684766214,0.48198985969206676,0,0.8157894736842105,14,10,0,0,7
C_Random_Diag,3,12,inf,SCAD,0.5238095238095238,0.5638511814982403,0.4697022937839743,0,0.8311688311688312,15,10,0,0,7
C_Random_Diag,3,13,inf,lasso,0.7213114754098361,0.7868900646678424,0.6517339071544815,0,0.875,9,1,6,2,3
C_Random_Diag,3,13,inf,MCP,0.625,0.6472663139329806,0.5537843342860468,0,0.8837209302325582,10,4,0,0,5
C_Random_Diag,3,13,inf,SCAD,0.7692307692307693,0.7345679012345678,0.6345311281786457,0,0.9545454545454546,13,3,0,2,3
C_Random_Diag,3,14,inf,lasso,0.7272727272727273,0.7859848484848484,0.5677965799341947,0,0.8695652173913043,11,1,7,1,0
C_Random_Diag,3,14,inf,MCP,0.42105263157894735,0.4674873737373737,0.35315625698168596,0,0.6486486486486487,7,4,0,0,1
C_Random_Diag,3,14,inf,SCAD,0.5,0.579229797979798,0.4276911889774208,0,0.717948717948718,6,3,4,0,1
C_Random_Diag,3,15,inf,lasso,0.5161290322580645,0.6325757575757575,0.3658502177772029,0,0.76,5,3,11,0,0
C_Random_Diag,3,15,inf,MCP,0.33962264150943394,0.4949494949494949,0.26469727271331983,0,0.7547169811320755,9,11,0,0,0
C_Random_Diag,3,15,inf,SCAD,0.37037037037037035,0.5183080808080809,0.30327949415738664,0,0.7547169811320755,9,10,1,0,0
C_Random_Diag,3,16,inf,lasso,0.6268656716417911,0.6936122102882984,0.5687385468215226,0,0.8148148148148148,9,2,9,1,1
C_Random_Diag,3,16,inf,MCP,0.46153846153846156,0.5621820237422273,0.4531384355735015,0,0.8163265306122449,9,8,0,0,3
C_Random_Diag,3,16,inf,SCAD,0.4888888888888889,0.5432447710570945,0.4805156628273207,0,0.6666666666666666,10,3,0,0,1
C_Random_Diag,3,17,inf,lasso,0.547945205479452,0.6540418315432448,0.4891340382025534,0,0.7307692307692307,4,1,11,2,1
C_Random_Diag,3,17,inf,MCP,0.5365853658536586,0.6447145279819106,0.5051810905685901,0,0.6111111111111112,9,0,0,0,2
C_Random_Diag,3,17,inf,SCAD,0.5306122448979592,0.5754663651780667,0.4478655639863556,0,0.6341463414634146,8,1,2,1,1
C_Random_Diag,3,18,inf,lasso,0.6440677966101694,0.7495590828924164,0.545329873840659,0,0.723404255319149,9,0,5,2,1
C_Random_Diag,3,18,inf,MCP,0.6666666666666666,0.739564961787184,0.5808142820040336,0,0.782608695652174,13,1,0,0,4
C_Random_Diag,3,18,inf,SCAD,0.5957446808510638,0.6637272192827749,0.48928227653235445,0,0.6666666666666666,8,0,2,1,2
C_Random_Diag,3,19,inf,lasso,0.647887323943662,0.7114762931034483,0.5634834864321675,0,0.8679245283018868,8,2,9,2,2
C_Random_Diag,3,19,inf,MCP,0.6451612903225806,0.7160560344827587,0.5843228981287089,0,0.8421052631578947,15,4,0,0,5
C_Random_Diag,3,19,inf,SCAD,0.6333333333333333,0.6850754310344828,0.5656347706748424,0,0.7924528301886793,12,2,2,0,5
C_Random_Diag,3,20,inf,lasso,0.6666666666666666,0.7217548076923077,0.4530347008678579,0,0.8571428571428571,5,2,7,3,1
C_Random_Diag,3,20,inf,MCP,0.48148148148148145,0.5847355769230769,0.3733268858393819,0,0.75,8,5,1,0,4
C_Random_Diag,3,20,inf,SCAD,0.5818181818181818,0.5955528846153846,0.36902461738181547,0,0.7916666666666666,9,4,1,1,4
C_Random_Diag,3,21,inf,lasso,0.576271186440678,0.6275921658986174,0.42412966317109785,0,0.8163265306122449,7,4,7,1,1
C_Random_Diag,3,21,inf,MCP,0.4583333333333333,0.5408986175115207,0.3496516875700086,0,0.8260869565217391,9,8,0,0,2
C_Random_Diag,3,21,inf,SCAD,0.56,0.5933179723502304,0.4029883188655579,0,0.7727272727272727,9,3,4,0,1
C_Random_Diag,3,22,inf,lasso,0.5531914893617021,0.6283052884615385,0.3962922485638232,0,0.75,9,2,2,0,2
C_Random_Diag,3,22,inf,MCP,0.425531914893617,0.5444711538461539,0.3389776633651936,0,0.7441860465116279,7,6,0,0,3
C_Random_Diag,3,22,inf,SCAD,0.43902439024390244,0.5318509615384616,0.33215282373083044,0,0.5945945945945946,7,2,0,0,2
C_Random_Diag,3,23,inf,lasso,0.6428571428571429,0.6698699830412662,0.4571469137476333,0,0.8,7,1,5,1,4
C_Random_Diag,3,23,inf,MCP,0.3939393939393939,0.5059355568117581,0.34691239611254115,0,0.7540983606557377,8,10,0,0,5
C_Random_Diag,3,23,inf,SCAD,0.46153846153846156,0.5370265686828717,0.3816614795396207,0,0.6976744186046512,3,3,4,0,5
C_Random_Diag,3,24,inf,lasso,0.5614035087719298,0.6840094062316283,0.5461773369453108,0,0.7272727272727273,5,1,6,1,3
C_Random_Diag,3,24,inf,MCP,0.5652173913043478,0.6222810111699001,0.529492231693302,0,0.8,9,3,0,0,4
C_Random_Diag,3,24,inf,SCAD,0.5833333333333334,0.567607289829512,0.48435722638033973,0,0.8780487804878049,8,4,1,0,5
C_Random_Diag,4,0,inf,lasso,0.6829268292682927,0.6848095002474023,0.7492707732926951,0,0.8571428571428571,10,5,0,6,6
C_Random_Diag,4,0,inf,MCP,0.5217391304347826,0.5487382483918852,0.6337747926378682,0,0.8607594936708861,11,10,0,0,13
C_Random_Diag,4,0,inf,SCAD,0.5869565217391305,0.6296387926768926,0.7055044159698458,0,0.8607594936708861,14,7,0,0,13
C_Random_Diag,4,1,inf,lasso,0.5411764705882353,0.6010452961672473,0.6295691017642178,0,0.8235294117647058,7,8,5,3,5
C_Random_Diag,4,1,inf,MCP,0.5789473684210527,0.5883524141363863,0.6347068372452305,0,0.8955223880597015,14,8,0,0,8
C_Random_Diag,4,1,inf,SCAD,0.6233766233766234,0.6276754604280737,0.6546395905316238,0,0.8787878787878788,14,6,1,1,7
C_Random_Diag,4,2,inf,lasso,0.625,0.6922222222222223,0.5167022240331446,0,0.8333333333333334,5,3,7,3,2
C_Random_Diag,4,2,inf,MCP,0.4166666666666667,0.51,0.3778082333106525,0,0.7272727272727273,9,9,0,0,6
C_Random_Diag,4,2,inf,SCAD,0.5714285714285714,0.6277777777777778,0.46481466172132935,0,0.7619047619047619,13,5,0,1,5
C_Random_Diag,4,3,inf,lasso,0.6792452830188679,0.7013221153846154,0.4488624765687498,0,0.7894736842105263,4,0,5,3,3
C_Random_Diag,4,3,inf,MCP,0.4827586206896552,0.6021634615384616,0.3749957649131313,0,0.7058823529411765,7,4,0,0,7
C_Random_Diag,4,3,inf,SCAD,0.52,0.5787259615384616,0.38968868720191996,0,0.7,4,1,3,0,6
C_Random_Diag,4,4,inf,lasso,0.647887323943662,0.6849696356275303,0.6085549286240509,0,0.8518518518518519,6,3,6,3,5
C_Random_Diag,4,4,inf,MCP,0.5,0.5751518218623481,0.5520321781582448,0,0.8333333333333334,12,10,0,0,8
C_Random_Diag,4,4,inf,SCAD,0.6153846153846154,0.5700910931174088,0.542860127630329,0,0.8461538461538461,7,4,3,2,6
C_Random_Diag,4,5,inf,lasso,0.6388888888888888,0.6872306034482758,0.49658090934843735,0,0.8070175438596491,10,1,7,1,4
C_Random_Diag,4,5,inf,MCP,0.5714285714285714,0.6478987068965517,0.4848244014654288,0,0.8571428571428571,12,5,0,0,4
C_Random_Diag,4,5,inf,SCAD,0.509090909090909,0.5509159482758621,0.41087190637853116,0,0.7555555555555555,8,3,3,0,3
C_Random_Diag,4,6,inf,lasso,0.7096774193548387,0.7356478950246035,0.5551738196103874,0,0.851063829787234,9,0,7,2,2
C_Random_Diag,4,6,inf,MCP,0.576271186440678,0.6293056314926189,0.5109579518933216,0,0.8679245283018868,11,6,0,0,6
C_Random_Diag,4,6,inf,SCAD,0.7241379310344828,0.6919081465281575,0.5452065014638695,0,0.9166666666666666,12,3,2,2,3
C_Random_Diag,4,7,inf,lasso,0.6181818181818182,0.6755228942905596,0.5257788666836997,0,0.6956521739130435,8,1,4,2,1
C_Random_Diag,4,7,inf,MCP,0.4666666666666667,0.5531373657433578,0.4295204509862355,0,0.7719298245614035,11,8,0,0,3
C_Random_Diag,4,7,inf,SCAD,0.5,0.596664782362917,0.45819856075172394,0,0.7368421052631579,12,6,0,0,3
C_Random_Diag,4,8,inf,lasso,0.5393258426966292,0.5611083621969323,0.5865089737502643,0,0.8571428571428571,6,9,6,3,6
C_Random_Diag,4,8,inf,MCP,0.5853658536585366,0.612073231073726,0.6179267971331696,0,0.8333333333333334,14,6,0,0,10
C_Random_Diag,4,8,inf,SCAD,0.5925925925925926,0.611825828797625,0.6196789681222271,0,0.8571428571428571,13,7,0,1,9
C_Random_Diag,4,9,inf,lasso,0.65625,0.7029395138496326,0.5319152045495269,0,0.8235294117647058,8,1,10,1,1
C_Random_Diag,4,9,inf,MCP,0.5283018867924528,0.539287733182589,0.4501671511215451,0,0.8,11,6,1,0,2
C_Random_Diag,4,9,inf,SCAD,0.5098039215686274,0.5407009609949124,0.4534167880957787,0,0.7659574468085106,9,5,2,0,2
C_Random_Diag,4,10,inf,lasso,0.7868852459016393,0.7772222222222223,0.5947632729448673,0,0.9130434782608695,10,0,6,3,2
C_Random_Diag,4,10,inf,MCP,0.6129032258064516,0.6733333333333333,0.5118646693451099,0,0.8571428571428571,13,5,0,0,6
C_Random_Diag,4,10,inf,SCAD,0.6896551724137931,0.7272222222222222,0.557831475327712,0,0.9019607843137255,13,3,1,0,6
C_Random_Diag,4,11,inf,lasso,0.6944444444444444,0.739766081871345,0.642606902483638,0,0.8888888888888888,7,4,5,5,3
C_Random_Diag,4,11,inf,MCP,0.5862068965517241,0.601010101010101,0.5700595266863209,0,0.88,9,5,0,0,8
C_Random_Diag,4,11,inf,SCAD,0.576271186440678,0.6491228070175438,0.5907913302338785,0,0.84,8,5,0,1,7
C_Random_Diag,4,12,inf,lasso,0.6265060240963856,0.6682692307692308,0.6269488032386654,0,0.8235294117647058,12,5,7,3,1
C_Random_Diag,4,12,inf,MCP,0.49230769230769234,0.5465587044534412,0.525899497255482,0,0.7666666666666667,12,7,0,0,4
C_Random_Diag,4,12,inf,SCAD,0.48484848484848486,0.5083502024291499,0.5151617070964631,0,0.7796610169491526,12,7,1,0,3
C_Random_Diag,4,13,inf,lasso,0.6753246753246753,0.6779999999999999,0.6149307178891255,0,0.8070175438596491,8,0,7,3,5
C_Random_Diag,4,13,inf,MCP,0.55,0.6112500000000001,0.5843844357995727,0,0.8,13,6,0,0,9
C_Random_Diag,4,13,inf,SCAD,0.5915492957746479,0.61625,0.5800346873330452,0,0.8333333333333334,11,4,1,0,9
C_Random_Diag,4,14,inf,lasso,0.6060606060606061,0.6694915254237288,0.5499733834166073,0,0.8461538461538461,6,5,6,3,2
C_Random_Diag,4,14,inf,MCP,0.5352112676056338,0.6170038272279934,0.509354120301095,0,0.7878787878787878,14,7,0,0,5
C_Random_Diag,4,14,inf,SCAD,0.5333333333333333,0.6104428649535265,0.5154044811863686,0,0.7924528301886793,9,5,2,0,5
C_Random_Diag,4,15,inf,lasso,0.6341463414634146,0.6682429069188651,0.6275130408095452,0,0.7931034482758621,5,2,5,5,6
C_Random_Diag,4,15,inf,MCP,0.5074626865671642,0.5465405674464907,0.5342476558339865,0,0.7924528301886793,5,4,0,0,12
C_Random_Diag,4,15,inf,SCAD,0.5454545454545454,0.5116973618715779,0.5296540413245331,0,0.7272727272727273,2,1,5,3,5
C_Random_Diag,4,16,inf,lasso,0.6410256410256411,0.6376306620209059,0.668505774815874,0,0.8214285714285714,5,2,6,4,6
C_Random_Diag,4,16,inf,MCP,0.5483870967741935,0.6137381781981085,0.6381413699717382,0,0.7450980392156863,9,2,0,0,8
C_Random_Diag,4,16,inf,SCAD,0.56,0.5905923344947734,0.6328741427635195,0,0.7741935483870968,10,3,1,0,10
C_Random_Diag,4,17,inf,lasso,0.5882352941176471,0.571358024691358,0.6382304901671563,0,0.8307692307692308,8,5,6,3,5
C_Random_Diag,4,17,inf,MCP,0.5393258426966292,0.5849382716049383,0.6464023749401512,0,0.8461538461538461,13,9,0,0,11
C_Random_Diag,4,17,inf,SCAD,0.5121951219512195,0.5204938271604939,0.608839238193334,0,0.8059701492537313,10,7,2,1,7
C_Random_Diag,4,18,inf,lasso,0.65,0.6771255060728746,0.5960880543256055,0,0.8064516129032258,9,2,8,3,3
C_Random_Diag,4,18,inf,MCP,0.5405405405405406,0.5675607287449393,0.5346349119563398,0,0.8235294117647058,14,8,0,0,6
C_Random_Diag,4,18,inf,SCAD,0.5588235294117647,0.6014676113360324,0.5380190578296411,0,0.8524590163934426,12,7,1,0,6
C_Random_Diag,4,19,inf,lasso,0.8,0.7841599190283401,0.6387254707474749,0,0.9795918367346939,4,1,6,7,6
C_Random_Diag,4,19,inf,MCP,0.5161290322580645,0.5425101214574899,0.4923201637114176,0,0.8163265306122449,3,4,0,0,13
C_Random_Diag,4,19,inf,SCAD,0.5714285714285714,0.5007591093117408,0.4565978598102263,0,0.9166666666666666,4,6,0,2,10
C_Random_Diag,4,20,inf,lasso,0.5945945945945946,0.617,0.6091057553644954,0,0.7346938775510204,3,0,7,4,4
C_Random_Diag,4,20,inf,MCP,0.6571428571428571,0.6532500000000001,0.6443203670738323,0,0.8421052631578947,10,1,0,0,13
C_Random_Diag,4,20,inf,SCAD,0.64,0.65225,0.6312791444348601,0,0.7868852459016393,10,1,0,1,12
C_Random_Diag,4,21,inf,lasso,0.6909090909090909,0.7135046473482778,0.6304847940377479,0,0.7906976744186046,9,0,4,2,2
C_Random_Diag,4,21,inf,MCP,0.5416666666666666,0.5759978130125752,0.527359454446741,0,0.7142857142857143,9,2,0,0,4
C_Random_Diag,4,21,inf,SCAD,0.6071428571428571,0.5686167304537999,0.5376871290126406,0,0.782608695652174,10,1,3,0,4
C_Random_Diag,4,22,inf,lasso,0.6363636363636364,0.6627155172413793,0.6266327381737349,0,0.8235294117647058,7,3,6,3,2
C_Random_Diag,4,22,inf,MCP,0.5161290322580645,0.5926724137931034,0.5891651477177793,0,0.8571428571428571,10,8,0,0,6
C_Random_Diag,4,22,inf,SCAD,0.5555555555555556,0.6559806034482758,0.6099999279763891,0,0.8,8,5,1,2,2
C_Random_Diag,4,23,inf,lasso,0.6133333333333333,0.6859243697478993,0.5950829124952298,0,0.7931034482758621,6,4,6,4,3
C_Random_Diag,4,23,inf,MCP,0.43478260869565216,0.5454306722689075,0.5138615731899648,0,0.7868852459016393,7,9,1,0,7
C_Random_Diag,4,23,inf,SCAD,0.5263157894736842,0.5669642857142857,0.5309206076963027,0,0.8085106382978723,6,5,2,1,5
C_Random_Diag,4,24,inf,lasso,0.6046511627906976,0.5786739238000989,0.6609588983651222,0,0.835820895522388,10,6,4,4,4
C_Random_Diag,4,24,inf,MCP,0.5679012345679012,0.5816427511133102,0.6680923834798747,0,0.9142857142857143,13,9,0,0,10
C_Random_Diag,4,24,inf,SCAD,0.5714285714285714,0.5752102919346858,0.658379076926233,0,0.8484848484848485,13,6,0,0,9
C_Random_Min_Diag,1,0,inf,lasso,0.75,0.9500860585197934,0.4723901098901099,0,0.8571428571428571,4,0,2,0,0
C_Random_Min_Diag,1,0,inf,MCP,0.47058823529411764,0.7366609294320138,0.3242673992673993,0,0.7058823529411765,4,2,0,0,0
C_Random_Min_Diag,1,0,inf,SCAD,0.8571428571428571,0.8166953528399312,0.4338849642421071,0,0.9230769230769231,5,0,1,0,0
C_Random_Min_Diag,1,1,inf,lasso,0.7777777777777778,0.9586919104991395,0.4503298289012575,0,0.9333333333333333,4,0,3,0,0
C_Random_Min_Diag,1,1,inf,MCP,0.5714285714285714,0.7349397590361446,0.2864745898359343,0,0.8571428571428571,4,2,0,0,0
C_Random_Min_Diag,1,1,inf,SCAD,0.7142857142857143,0.8115318416523236,0.33681972789115655,0,0.8571428571428571,5,1,0,0,0
C_Random_Min_Diag,1,2,inf,lasso,0.6111111111111112,0.8450854700854702,0.47066664816664816,0,0.6875,7,0,4,0,0
C_Random_Min_Diag,1,2,inf,MCP,0.5882352941176471,0.8231837606837608,0.511404798904799,0,0.7096774193548387,8,1,2,0,0
C_Random_Min_Diag,1,2,inf,SCAD,0.5454545454545454,0.7670940170940171,0.42069749816460345,0,0.6666666666666666,7,1,2,0,0
C_Random_Min_Diag,1,3,inf,lasso,0.8,0.9742063492063493,0.5253968253968253,0,1.0,3,0,3,0,0
C_Random_Min_Diag,1,3,inf,MCP,0.46153846153846156,0.6984126984126984,0.20312881562881566,0,0.9230769230769231,3,3,0,0,0
C_Random_Min_Diag,1,3,inf,SCAD,0.9090909090909091,0.8968253968253969,0.5376473063973065,0,0.9090909090909091,5,0,0,0,0
C_Random_Min_Diag,1,4,inf,lasso,0.7586206896551724,0.8904914529914529,0.5210212647969146,0,1.0,4,1,5,1,0
C_Random_Min_Diag,1,4,inf,MCP,0.5833333333333334,0.6768162393162394,0.3839285714285714,0,0.8695652173913043,6,3,0,0,1
C_Random_Min_Diag,1,4,inf,SCAD,0.45454545454545453,0.5470085470085471,0.2836309523809524,0,0.9523809523809523,4,5,0,0,1
C_Random_Min_Diag,1,5,inf,lasso,0.7619047619047619,0.9413109756097562,0.4962527056277056,0,0.8888888888888888,5,0,3,0,0
C_Random_Min_Diag,1,5,inf,MCP,0.3333333333333333,0.5091463414634145,0.2178297397047397,0,0.7777777777777778,3,4,0,0,0
C_Random_Min_Diag,1,5,inf,SCAD,0.47058823529411764,0.663109756097561,0.3080059523809524,0,0.7058823529411765,4,2,0,0,0
C_Random_Min_Diag,1,6,inf,lasso,0.7619047619047619,0.9074074074074074,0.5541947250280584,0,0.9411764705882353,4,0,4,0,0
C_Random_Min_Diag,1,6,inf,MCP,0.47058823529411764,0.6666666666666667,0.25867003367003366,0,0.8235294117647058,4,3,0,0,0
C_Random_Min_Diag,1,6,inf,SCAD,0.6666666666666666,0.733196159122085,0.4129489337822671,0,0.9411764705882353,5,2,1,0,0
C_Random_Min_Diag,1,7,inf,lasso,0.8,0.9751984126984127,0.5155753968253968,0,1.0,3,0,3,0,0
C_Random_Min_Diag,1,7,inf,MCP,0.5454545454545454,0.6914682539682541,0.24502923976608187,0,0.9090909090909091,3,2,0,0,0
C_Random_Min_Diag,1,7,inf,SCAD,0.5454545454545454,0.6845238095238096,0.21111111111111114,0,0.9090909090909091,3,2,0,0,0
C_Random_Min_Diag,1,8,inf,lasso,0.6923076923076923,0.926875,0.41551316738816735,0,0.8181818181818182,6,0,3,0,0
C_Random_Min_Diag,1,8,inf,MCP,0.38095238095238093,0.559375,0.17851352981383942,0,0.6,3,2,1,0,0
C_Random_Min_Diag,1,8,inf,SCAD,0.5185185185185185,0.7381249999999999,0.2628043525102349,0,0.6923076923076923,7,2,0,0,0
C_Random_Min_Diag,1,9,inf,lasso,0.8181818181818182,0.9637514384349828,0.7710110706158138,0,0.9473684210526315,6,0,2,0,1
C_Random_Min_Diag,1,9,inf,MCP,0.9,0.9234752589182968,0.7929834054834055,0,0.9473684210526315,8,0,0,0,1
C_Random_Min_Diag,1,9,inf,SCAD,0.9,0.9154200230149597,0.7409353272989636,0,0.9473684210526315,8,0,0,0,1
